"","COUNTY","YEAR_1","CASEID_1","BLS_CAREHH_KID_1","BLS_CAREHH_KIDEDUC_1","BLS_CAREHH_KIDHEALTH_1","BLS_CAREHH_KIDOTHER_1","BLS_EDUC_1","BLS_FOOD_1","BLS_HHACT_HHMGMT_1","BLS_LEIS_ARTS_1","BLS_LEIS_ATTEND_1","BLS_LEIS_ATTSPORT_1","BLS_LEIS_PARTSPORT_1","BLS_LEIS_RELAX_1","BLS_LEIS_SOC_1","BLS_LEIS_SPORT_1","BLS_LEIS_TV_1","BLS_PCARE_1","BLS_PCARE_HEALTH_1","BLS_PURCH_BANK_1","BLS_PURCH_CONS_1","BLS_PURCH_GROC_1","BLS_PURCH_HEALTH_1","BLS_PURCH_HHSERV_1","BLS_PURCH_PCARE_1","BLS_PURCH_PROF_1","BLS_SOCIAL_RELIG_1","BLS_SOCIAL_VOLACT_1","BLS_WORK_OTHER_1","BLS_WORK_WORKING_1","BLS_WORK_WORKREL_1"
"1",1000,2019,20190644700680.3,12.3379310344828,0.827586206896552,0,11.5103448275862,5.93103448275862,69.2,4.27586206896552,0,2.61379310344828,5.13793103448276,9.13793103448276,347.055172413793,391.765517241379,14.2758620689655,269.420689655172,604.206896551724,7.08275862068966,0.482758620689655,17.6827586206897,4.51724137931035,2.82758620689655,0.827586206896552,0.655172413793103,4.10344827586207,28.8827586206897,3.68275862068965,0.413793103448276,101.027586206897,0
"2",1003,2019,20190688918176.6,35.4545454545455,0,0,35.4545454545455,0,63.1818181818182,0,0.454545454545455,0,10.9090909090909,6.81818181818182,269.818181818182,297.545454545455,23.1818181818182,214.363636363636,586.181818181818,0,4.54545454545455,27.1818181818182,8.18181818181818,0,0,10.9090909090909,15.4545454545455,0,3.63636363636364,2.72727272727273,138.636363636364,0
"3",1081,2019,20190579691487.4,0,0,0,0,0,67.875,3.125,0,0,32.125,93.75,248.375,278.5,125.875,144,575,0,1,59.25,0,0,0,3.125,4.125,15.625,0,0,126,0
"4",1097,2019,20190727257365.9,2,0,0,2,0,45,8.66666666666667,0,18.6666666666667,0,4,388.8,458.066666666667,4,300.466666666667,531.066666666667,3,0,35,4,0,0,0,0,24.6666666666667,2,0,142.733333333333,0
"5",2000,2019,20190664690077.2,40.3571428571429,0.214285714285714,0,40.1428571428571,0,75.2857142857143,5.64285714285714,9.28571428571429,0,0,6.07142857142857,277.214285714286,316.357142857143,6.07142857142857,175,573.928571428571,2.85714285714286,0,29.6428571428571,12.8571428571429,0,0,0,0,1.78571428571429,2.85714285714286,0,171.428571428571,0
"6",4000,2019,20190713405725,6.42857142857143,0,0,6.42857142857143,26.0714285714286,76,3.57142857142857,0,8.92857142857143,0,20.0714285714286,194,253.642857142857,20.0714285714286,138.214285714286,610.857142857143,0,0.714285714285714,43.8571428571429,9.28571428571429,0,1.07142857142857,6.42857142857143,7.14285714285714,11.7857142857143,0,3.21428571428571,181.428571428571,0
"7",4013,2019,20190687627532.4,28.3193277310924,1.21848739495798,0,27.1008403361345,17.4117647058824,82.0840336134454,17.2436974789916,16.1008403361345,4.53781512605042,1.51260504201681,24.9243697478992,227.756302521008,292.151260504202,26.436974789916,159.63025210084,586.638655462185,7.2436974789916,0.210084033613445,27.6638655462185,10.2941176470588,1.89075630252101,0.168067226890756,1.00840336134454,3.10924369747899,14.2436974789916,7.3109243697479,2.39495798319328,128.974789915966,0
"8",4019,2019,20190573472006.9,24.5384615384615,0,0.128205128205128,24.4102564102564,30.0769230769231,85.3333333333333,18.7948717948718,0,11.5641025641026,3.07692307692308,22.7435897435897,230.871794871795,272.923076923077,25.8205128205128,160.692307692308,600.025641025641,0.435897435897436,0.256410256410256,27.4102564102564,7.05128205128205,1.15384615384615,0,0.769230769230769,2.17948717948718,11.4102564102564,3.84615384615385,15.1025641025641,108.564102564103,0
"9",4021,2019,20190744191606.1,14.375,9.375,0,5,3.75,70.625,0,0,0,0,5,245.625,245.625,5,212.5,669.5,48.75,1.25,27.5,0,0,0.625,0,1.25,0,0,0,174.375,0
"10",4025,2019,20190683858008.3,0,0,0,0,0,115.555555555556,11.6666666666667,0,33.3333333333333,0,23.3333333333333,288.666666666667,349.777777777778,23.3333333333333,217.555555555556,552.444444444444,0,0,17.2222222222222,13.3333333333333,0,0,0,0,1.11111111111111,71.1111111111111,0,30.5555555555556,0
"11",4027,2019,20190638191381.6,43.1666666666667,2.5,0,40.6666666666667,11.6666666666667,64.5833333333333,3.33333333333333,25,10,0,3.75,267.083333333333,401.25,3.75,207.5,571.333333333333,0,0,19.1666666666667,15,0,0,0,0,41.25,0,0,32.5,0
"12",5000,2019,20190632414409.8,25.3189655172414,2.62931034482759,1.29310344827586,21.3965517241379,15,61.6724137931034,8.69827586206897,6.20689655172414,1.20689655172414,1.03448275862069,13.6206896551724,297.060344827586,339.73275862069,14.6551724137931,216.327586206897,609.48275862069,7.49137931034483,0.431034482758621,21.4741379310345,5.43103448275862,4.18103448275862,0.646551724137931,3.06034482758621,8.4051724137931,8.49137931034483,7.18103448275862,0,132.275862068966,0
"13",6000,2019,20190648185300.9,21.959595959596,3.13131313131313,0.313131313131313,18.5151515151515,19.2373737373737,82.6868686868687,12.510101010101,7.01010101010101,10.1515151515152,0,15.7070707070707,240.171717171717,296.318181818182,15.7828282828283,177.363636363636,582.959595959596,1.6010101010101,0.388888888888889,21.2424242424242,7.24747474747475,3.16666666666667,0.151515151515152,1.69191919191919,5.37373737373737,13.6616161616162,10.530303030303,5.27777777777778,137.338383838384,0
"14",6001,2019,20190666904396.2,22.3095238095238,0.714285714285714,0,21.5952380952381,39.6428571428571,74.2380952380952,31.8333333333333,4.54761904761905,1.07142857142857,9.16666666666667,22.7380952380952,189.404761904762,252.547619047619,31.9047619047619,125.642857142857,563,0.166666666666667,0.0714285714285714,21.547619047619,6.90476190476191,1.42857142857143,0.714285714285714,2.14285714285714,3.64285714285714,12.9761904761905,10.6666666666667,0,156.309523809524,0
"15",6007,2019,20190605080211.1,54.6666666666667,0,0,54.6666666666667,31.8888888888889,63.8888888888889,4.44444444444444,20,0,0,16.4444444444444,279,334,16.4444444444444,187.333333333333,647.333333333333,0.111111111111111,0,13.3333333333333,10,3.33333333333333,3.33333333333333,0,11.1111111111111,0,0,0,112.111111111111,0
"16",6017,2019,20190789390011.8,35.2,0,0,35.2,0,107.4,0,42,0,0,18,270.6,332.2,18,216.6,582,0,24,15,8,0,0,0,24,0,0,0,60,0
"17",6019,2019,20190538524377.1,42.6190476190476,13.5714285714286,0,29.047619047619,31.3333333333333,51.0476190476191,9.52380952380952,5.71428571428571,0,0,6.42857142857143,250.904761904762,281.619047619048,6.42857142857143,157,614.857142857143,5.23809523809524,0,14.3809523809524,3.80952380952381,22.8571428571429,0,5.23809523809524,28.0952380952381,12.1428571428571,0,10,167.47619047619,0
"18",6029,2019,20190686137477.4,39.2631578947368,0.526315789473684,12.8947368421053,25.8421052631579,26.8421052631579,72.4736842105263,2.78947368421053,7.63157894736842,0,0,25.2631578947368,245.368421052632,281.684210526316,25.2631578947368,167.894736842105,590.315789473684,58.7894736842105,2.36842105263158,27.3684210526316,11.0526315789474,9.47368421052632,0,0.526315789473684,12.3684210526316,11.5789473684211,18.9473684210526,0,99.3157894736842,0
"19",6031,2019,20190537524766.8,13.5,0,0,13.5,0,70.8333333333333,15,0,0,22.1666666666667,12.5,212.666666666667,237.666666666667,34.6666666666667,167.5,530.5,0.333333333333333,3.33333333333333,16.6666666666667,5,0,0,0,3.33333333333333,6.66666666666667,0,0,260,0
"20",6037,2019,20190640185618.9,29.1203703703704,1.80555555555556,2.12962962962963,25.1851851851852,24.7685185185185,77.5092592592593,16.9166666666667,6.02777777777778,7.15277777777778,3.19444444444444,16.962962962963,231.175925925926,287.518518518519,20.1574074074074,161.268518518519,596.50462962963,6.33333333333333,0.115740740740741,31.3472222222222,7.38888888888889,3.00925925925926,0.787037037037037,0.486111111111111,3.72685185185185,13.4953703703704,5.67592592592593,1.50462962962963,125.62037037037,0
"21",6053,2019,20190739858118.8,42.5,0,0,42.5,0,73.3333333333333,15,0,0,0,25,322.5,322.5,25,319.166666666667,630.666666666667,0,0,39.1666666666667,36.6666666666667,0,0,0,0,0,0,0,75,0
"22",6059,2019,20190609869947.3,23.6603773584906,2.16981132075472,0,21.4905660377358,41.3207547169811,81.2641509433962,17.3584905660377,12.1698113207547,6.9811320754717,1.69811320754717,18.5849056603774,195.188679245283,268.792452830189,21.6981132075472,130.339622641509,557.698113207547,9.64150943396226,0,23.9811320754717,8.32075471698113,3.77358490566038,0.528301886792453,0,3.77358490566038,2.83018867924528,11.4716981132075,0,147.415094339623,0
"23",6061,2019,20190726191495.5,9,0,0,9,0,105,8.5,40.5,16.7,0,37.5,220,316.6,38.5,196,590.5,0,1,19,4.5,0,0,0,1,3,0,0,146,0
"24",6067,2019,20190627278503.7,20,3.52941176470588,0,16.4705882352941,45.5882352941176,84.2647058823529,28.3823529411765,0.441176470588235,10.0294117647059,9.11764705882353,15.2941176470588,205.617647058824,271.323529411765,24.4117647058824,157.029411764706,548.735294117647,0.441176470588235,0.294117647058824,14.2058823529412,6.61764705882353,0,0,0,14.7058823529412,0,19.4117647058824,6.17647058823529,156.382352941176,0
"25",6073,2019,20190648756200.3,22.2105263157895,2.69736842105263,0,19.5131578947368,22.6973684210526,84.4736842105263,9.73684210526316,4.60526315789474,3.94736842105263,0.855263157894737,23.6184210526316,249.302631578947,309.118421052632,24.4736842105263,161.157894736842,603.355263157895,2.05263157894737,1.27631578947368,29.9342105263158,6.11842105263158,3.94736842105263,5.65789473684211,2.56578947368421,8.38157894736842,8.0921052631579,18.3947368421053,1.18421052631579,87.3684210526316,0
"26",6075,2019,20190736484784.5,46.5882352941176,0,0,46.5882352941176,0,108.764705882353,16,3.52941176470588,24.1176470588235,0,36.4705882352941,148.941176470588,201.294117647059,36.4705882352941,93.0588235294118,597.058823529412,1.76470588235294,0,16.1764705882353,7.05882352941176,0,0,0,0,29.6470588235294,17.9411764705882,0,163.705882352941,0
"27",6077,2019,20190690079910.8,19.7777777777778,0,4.5,15.2777777777778,22.5555555555556,53.3888888888889,10.8333333333333,0,0,0,21.0555555555556,240,267,21.0555555555556,182.944444444444,534.333333333333,1.38888888888889,0,29.3333333333333,6.66666666666667,0,0,0,0,11.7777777777778,27.7777777777778,0,183.722222222222,0
"28",6079,2019,20190705691289,0,0,0,0,0,67.5,11.25,0,0,0,0,314.5,344.5,0,168.75,638,8,0,41.25,11.25,10,11.25,0,10,0,41.25,0,0,0
"29",6081,2019,20190648905139.9,32.9523809523809,5.95238095238095,0,27,1.42857142857143,77.1428571428571,19.047619047619,0,0,0,24.047619047619,158.619047619048,207.52380952381,24.047619047619,126.238095238095,570.809523809524,0.952380952380952,0,50.3333333333333,8.33333333333333,1.42857142857143,0.952380952380952,0,1.42857142857143,11.6666666666667,8.57142857142857,0,184.142857142857,0
"30",6083,2019,20190693691724.5,38,0,0,38,73.875,94.375,13.75,0,0,0,16.25,180.5,236.75,16.25,117.5,643.5,19,0,17.5,13.125,0,0,0,0,0,0,1.875,81.75,0
"31",6087,2019,20190761464297.4,23.6363636363636,0,0,23.6363636363636,23.6363636363636,62.7272727272727,29.5454545454545,0,10.9090909090909,0,0,272.909090909091,296.090909090909,0,127.727272727273,578.181818181818,4.09090909090909,0,18.6363636363636,15.9090909090909,29.5454545454545,0,0,29.5454545454545,27.2727272727273,40,0,53.6363636363636,0
"32",6089,2019,20190706191884.2,0,0,0,0,0,70.5555555555556,23,0,0,0,21.6666666666667,241.666666666667,305.555555555556,21.6666666666667,148.888888888889,540.666666666667,0.666666666666667,0,9.66666666666667,0,3.33333333333333,0,0,3.33333333333333,3.33333333333333,13.3333333333333,0,92.7777777777778,0
"33",6095,2019,20190666045726.7,8.28571428571429,0,0,8.28571428571429,0,66.5714285714286,13.5714285714286,0,0,0,6.42857142857143,260,354.285714285714,6.42857142857143,115,502.142857142857,0,0,21.4285714285714,8.57142857142857,0,0,0,0,16.1428571428571,0,0,226.428571428571,0
"34",6097,2019,20190535332323.9,20.8571428571429,0,0,20.8571428571429,4.28571428571429,76.9285714285714,25.8571428571429,0,0,0,22.5,310.857142857143,326.5,22.5,207.214285714286,579.857142857143,0.714285714285714,0,40.3571428571429,12.8571428571429,11.4285714285714,0,0,11.4285714285714,0.357142857142857,0,0,146.214285714286,0
"35",6099,2019,20190763762994.5,27.6428571428571,0,0,27.6428571428571,5,75.7857142857143,45,0,0,0,19.6428571428571,223.357142857143,259.785714285714,19.6428571428571,153.642857142857,602.071428571429,0,0,26.6428571428571,8.57142857142857,0,0,16.4285714285714,16.4285714285714,0,0,0,118.5,0
"36",6107,2019,20190406854939.8,0,0,0,0,32.7777777777778,80.4444444444444,16.6666666666667,0,10,0,0,333.333333333333,388.111111111111,0,194,605.555555555556,0,0,16.1111111111111,7.77777777777778,0,0,0,0,41.6666666666667,0,0,50,0
"37",6111,2019,20190574145210.9,15.9090909090909,0,0,15.9090909090909,0,104.090909090909,38.3181818181818,13.6363636363636,12.0454545454545,0,19.0909090909091,245.681818181818,285.454545454545,19.6818181818182,168.090909090909,550.090909090909,5.5,0.909090909090909,24.0909090909091,4.09090909090909,0,0.681818181818182,0,0.909090909090909,0,2.72727272727273,0,197.5,0
"38",6113,2019,20190371522841.7,11.8333333333333,0,0,11.8333333333333,0,73.3333333333333,23.3333333333333,0,0,0,0,190.666666666667,241.5,0,101.5,562.5,10,0,10.8333333333333,5,0,0,0,0,0,5.83333333333333,0,315,0
"39",8000,2019,20190665478131.2,22.0375,0.75,0,21.2875,3.95,72.75,21.6375,1.6375,12.5625,0,27.15,248.6,291.1125,27.15,185.8875,587.6625,5.8375,0.1875,35,11.75,4.375,0.125,2.8125,7.775,12.125,10.325,3.625,145.1375,0
"40",8013,2019,20190656316025.2,36.6875,0,0,36.6875,7.5,99.5,37.5625,11.25,12.5,0,35.625,269.4375,329.8125,35.625,151.3125,530.625,9.8125,0,15.9375,0.9375,0,0,0,0,5.375,9.375,0,116.5,0
"41",8031,2019,20190726095637.3,6.95238095238095,0,0,6.95238095238095,0,70.7142857142857,9.09523809523809,0,0,0,8.33333333333333,224.857142857143,240.571428571429,8.33333333333333,178.428571428571,591.809523809524,0.238095238095238,0,23.5714285714286,10.952380952381,1.9047619047619,0,7.14285714285714,9.04761904761905,10,3.57142857142857,13.0952380952381,243.095238095238,0
"42",8059,2019,20190680134202.8,32.5555555555556,1.66666666666667,0,30.8888888888889,11.6666666666667,78.4444444444444,11.1111111111111,0,11.6666666666667,0,62.3888888888889,172.277777777778,247.888888888889,62.3888888888889,82.7777777777778,505.555555555556,0,0.833333333333333,25,4.44444444444444,0,1.66666666666667,0,0.833333333333333,5,35,0,124.333333333333,0
"43",8069,2019,20190908268426.1,1.92307692307692,0,0,1.92307692307692,78.9230769230769,92.7692307692308,11.5384615384615,9.23076923076923,0,0,23.0769230769231,176.846153846154,237.615384615385,23.0769230769231,137.076923076923,596.846153846154,1.15384615384615,0,21.6923076923077,8.07692307692308,8.07692307692308,0,0,8.07692307692308,4.61538461538461,9.23076923076923,0,182.769230769231,0
"44",8123,2019,20190616635997.8,12,5.55555555555556,0,6.44444444444444,52.7777777777778,58.8888888888889,23.4444444444444,0,0,0,37.2222222222222,278.777777777778,322.666666666667,37.2222222222222,215.444444444444,562.333333333333,0.555555555555556,0,26.6666666666667,15.5555555555556,0,0,0,0,11.6666666666667,6.66666666666667,0,124,0
"45",9000,2019,20190668459680.8,20.4615384615385,0,1.15384615384615,19.3076923076923,13.5576923076923,81.5961538461538,13.5576923076923,1.82692307692308,7.26923076923077,9.61538461538461,16.4423076923077,271.173076923077,314.538461538462,26.0576923076923,214.653846153846,584.807692307692,0.5,0,26.7692307692308,8.5,1.73076923076923,1.53846153846154,1.34615384615385,6.34615384615385,1.63461538461538,3.07692307692308,0,127.557692307692,0
"46",9001,2019,20190557412874.7,21.1111111111111,1.11111111111111,0,20,10.9259259259259,76.8518518518518,19.1481481481481,3.7037037037037,0,9.62962962962963,19.5185185185185,259.37037037037,307.407407407407,29.1481481481481,178.259259259259,606,2.03703703703704,0.925925925925926,14.5185185185185,2.62962962962963,0.925925925925926,5,0,1.85185185185185,11.4814814814815,17.2222222222222,20.2222222222222,126.740740740741,0
"47",9005,2019,20190781941350.8,77.5,0,0,77.5,0,76.25,1.25,0,0,0,7.5,541.25,556.25,7.5,378.75,541.25,26.25,0,20,0,0,0,0,0,0,0,0,0,0
"48",9009,2019,20190582989571.2,28,6,0,22,0.4,58.4,8.4,6,18,7.2,32.4,211.4,273.8,39.6,168.4,598.12,0.4,0,19.8,11.2,1.2,0.2,1.28,2.48,12.8,2.6,9,225.8,0
"49",9015,2019,20190965620509.6,25.7142857142857,0,5,20.7142857142857,0,48,0.714285714285714,0,0,21.4285714285714,0,281.714285714286,281.714285714286,21.4285714285714,256,600.285714285714,21.4285714285714,0.428571428571429,32.1428571428571,6.42857142857143,0,0,0,0.428571428571429,0,2.85714285714286,0,277,0
"50",10001,2019,20190506588867,45,0,0,45,0,29,2,0,0,0,0,373,448,0,275,616.4,1,0,45.6,21,0,0,0,0,12,1,0,0,0
"51",10003,2019,20190645278093.8,17.3913043478261,2.60869565217391,0,14.7826086956522,0,80.695652173913,1.73913043478261,3.91304347826087,0,0,7.39130434782609,289.478260869565,314.913043478261,7.39130434782609,211,624.739130434783,18.6086956521739,0,18.695652173913,4.34782608695652,2.60869565217391,1.95652173913043,0,2.60869565217391,10.8695652173913,3.91304347826087,0,183.04347826087,0
"52",10005,2019,20190708189372,2.33333333333333,0,0,2.33333333333333,0,95.8333333333333,25.6666666666667,0,25,0,11.6666666666667,193,218,11.6666666666667,123,718.333333333333,3.33333333333333,0,55.5,40,0,0,0,0,0,59.3333333333333,0,59.1666666666667,0
"53",11001,2019,20190669951433.9,2.48,0.4,0,2.08,7.2,68.48,21.28,10.8,0,0,25.4,259.68,308.48,25.4,176.92,589.6,5.2,0,32.8,6.6,1.2,0.4,2.4,8.4,11.6,21,0,165.12,0
"54",12000,2019,20190654027760.6,28.3023255813953,1.93798449612403,0.348837209302326,26.015503875969,10.8914728682171,72.8449612403101,8.7984496124031,2.71317829457364,3.09302325581395,1.86046511627907,11.1627906976744,290.868217054264,338.302325581395,13.1395348837209,216.821705426357,592.162790697674,18.4418604651163,0.426356589147287,32.1705426356589,10.8139534883721,6.17054263565892,0.813953488372093,0,7.68217054263566,11.906976744186,11.2480620155039,0,109.410852713178,0
"55",12005,2019,20190662905311.4,10.7142857142857,3.57142857142857,0,7.14285714285714,0,66.5714285714286,4.28571428571429,0,0,0,0,362.142857142857,382.714285714286,0,255,579.142857142857,0,0,0,0,0,0,0,0,0,0,0,231.857142857143,0
"56",12009,2019,20190550412024.4,22.2222222222222,0,0,22.2222222222222,10,62,13.3333333333333,0,0,0,22.2222222222222,392.555555555556,409.222222222222,22.2222222222222,240.333333333333,620.666666666667,26.1111111111111,0,21.6666666666667,16.6666666666667,48,2,0,48,7.77777777777778,24.4444444444444,0,0,0
"57",12011,2019,20190709148152.7,42.8297872340426,3.19148936170213,21.1702127659574,18.468085106383,30.9574468085106,73.8510638297872,23.6170212765957,2.5531914893617,0,0,32.2765957446809,239.659574468085,283.063829787234,33.6595744680851,167.31914893617,576.808510638298,1.04255319148936,0.212765957446809,20.6382978723404,5.95744680851064,4,0,0,4.21276595744681,23.4255319148936,9.8936170212766,2.5531914893617,140.063829787234,0
"58",12019,2019,20190773191132,4,0,0,4,0,128.666666666667,0.833333333333333,0,0,0,0,231.333333333333,303.333333333333,0,162.166666666667,553.5,0.333333333333333,0.833333333333333,65.8333333333333,3.33333333333333,0,0,0,0.833333333333333,30,0,0,95,0
"59",12021,2019,20190655791563.2,0,0,0,0,0,86.5,74.3,6,13.5,0,64,360.2,382.7,64,248.5,545.7,0,0,41,12,0,0,0,0,25,0,0,3,0
"60",12033,2019,20190720189782.9,11.125,0,0,11.125,18.75,43.125,10,0,63.5,0,13.75,465.5,536.5,13.75,326.875,506.875,0,5,19,3.125,5.625,3.75,0,10.625,0,0,0,118.25,0
"61",12053,2019,20190784438970.8,35,0,0,35,0,67.5,0,0,0,0,0,204.75,238.5,0,197.25,626.25,0,0,15,0,0,0,0,0,0,0,0,295,0
"62",12057,2019,20190735932919.1,62.6774193548387,11.6129032258065,1.93548387096774,49.1290322580645,1.93548387096774,53.8709677419355,13.2903225806452,7.19354838709677,0,0,11.6129032258065,225.741935483871,276.516129032258,11.6129032258065,173.870967741935,606.870967741935,3.38709677419355,0,10.3548387096774,2.09677419354839,8.41935483870968,0,5.80645161290323,14.8709677419355,10,0,0,166.483870967742,0
"63",12069,2019,20190605024957,19.1666666666667,0,0,19.1666666666667,0,95.8333333333333,25.8333333333333,0,0,0,5,255.333333333333,255.333333333333,5,199.166666666667,621.666666666667,0,0,12.5,5,30.3333333333333,0,0,30.3333333333333,0,0,0,156.166666666667,0
"64",12071,2019,20190615190638.5,10.7272727272727,1.54545454545455,0,9.18181818181818,10.9090909090909,70.1818181818182,5.90909090909091,0,0,0,5.45454545454545,190,231.363636363636,5.45454545454545,149.090909090909,584.545454545455,0.909090909090909,0,12.6363636363636,7.27272727272727,1.36363636363636,8.18181818181818,0,1.36363636363636,23.6363636363636,0,0,260.454545454545,0
"65",12083,2019,20190632189672.8,15.5833333333333,2.5,0,13.0833333333333,0,95.25,1.5,0,11.25,0,37.5,265.333333333333,284,37.5,208,560.25,0.833333333333333,0,34.1666666666667,3.33333333333333,0,5,0,2.5,27.9166666666667,8.33333333333333,0,118.333333333333,0
"66",12085,2019,20190645591487.9,30.5,6,0,24.5,0,89,11,0,0,0,39,189.2,195.7,39,168.8,660,0,0,19,9,11,1,0,11,0,23.5,0,114.3,4.5
"67",12086,2019,20190642542197.7,35.1228070175439,4.29824561403509,0,30.8245614035088,13.6491228070175,73.0701754385965,22.5964912280702,2.89473684210526,20.9473684210526,3.50877192982456,24.5614035087719,251.929824561404,323.80701754386,28.0701754385965,184.59649122807,575.385964912281,0.43859649122807,0,26.9298245614035,10,0,0.789473684210526,1.57894736842105,1.57894736842105,13.859649122807,1.05263157894737,0.789473684210526,115.070175438596,0
"68",12095,2019,20190716320520.3,22.6521739130435,0,0,22.6521739130435,26.9565217391304,68.6086956521739,10.1739130434783,10.4347826086957,5.21739130434783,0,19.1304347826087,272.173913043478,319.260869565217,19.1304347826087,165.478260869565,565.478260869565,5.21739130434783,0.434782608695652,52.6086956521739,12.1739130434783,5.95652173913043,0,0,6.39130434782609,18.4782608695652,6.82608695652174,0,129.782608695652,0
"69",12099,2019,20190637689888.2,26.6904761904762,2.14285714285714,0,24.547619047619,28.1190476190476,64.7380952380952,7.76190476190476,5.71428571428571,12.2142857142857,0,19.2380952380952,210.071428571429,267.904761904762,19.2380952380952,143.428571428571,603.309523809524,4.64285714285714,0.357142857142857,28.9761904761905,6.54761904761905,0.714285714285714,2.02380952380952,1.07142857142857,2.14285714285714,9.11904761904762,5.11904761904762,0,179.833333333333,0
"70",12101,2019,20190597008730.5,46.7272727272727,7.72727272727273,0,39,16.3636363636364,62.4545454545455,8.18181818181818,0,26.8181818181818,0,18.1818181818182,323.818181818182,374.818181818182,18.1818181818182,233.909090909091,516.545454545455,0.909090909090909,0,8.36363636363636,0,0,0,0,0,5.45454545454545,0,0,157.545454545455,0
"71",12103,2019,20190783225539.8,13.8965517241379,1.55172413793103,0,12.3448275862069,2.06896551724138,71.1034482758621,16.2068965517241,5.51724137931035,0,0,14.8275862068966,346.793103448276,399.206896551724,14.8275862068966,285.241379310345,527.344827586207,0,0,25.9310344827586,14.8275862068966,4.03448275862069,1.37931034482759,0,8.17241379310345,8.79310344827586,12.5862068965517,0,145.862068965517,0
"72",12105,2019,20190566844492.2,22.7307692307692,2.30769230769231,0,20.4230769230769,35.7692307692308,66.2307692307692,6.34615384615385,0,0,0,9.42307692307692,221.269230769231,251.653846153846,9.42307692307692,148.538461538462,599.038461538462,0,0,29.7692307692308,3.65384615384615,1.34615384615385,0,3.46153846153846,4.80769230769231,21.7307692307692,10.1153846153846,0,163.538461538462,0
"73",12109,2019,20190736491293.7,76.1,0,3,73.1,39.5,97,15,0,18,0,42.5,172.5,204.5,42.5,84,607.1,0.5,0,24,3,7,0,0,7,6.2,0,0,96,0
"74",12111,2019,20190537858461.7,5,0,0,5,0,28.3333333333333,10,0,150,0,15,78.3333333333333,238.333333333333,15,78.3333333333333,596.666666666667,0,0,10,10,0,0,0,0,0,0,0,130,0
"75",12113,2019,20190544391882.6,0,0,0,0,0,111,8,52,0,0,0,210,381,0,84,532.2,0,0,3,0,18,0,0,18,0,0,0,175.4,0
"76",13000,2019,20190601101360.8,22.4508928571429,1.47321428571429,1.00446428571429,19.9732142857143,15.625,69.9910714285714,9.48660714285714,3.14732142857143,8.55803571428571,1.11607142857143,8.65178571428571,283.5625,333.294642857143,9.76785714285714,228.691964285714,593.308035714286,2.78571428571429,0.133928571428571,30.7991071428571,6.23214285714286,4.44196428571429,1.09375,3.34821428571429,7.92410714285714,12.2857142857143,6.58928571428571,0.580357142857143,142.209821428571,0
"77",13015,2019,20190756190970.5,349,60,0,289,0,52.5,0,0,0,0,0,30,30,0,0,585,60,0,0,0,0,0,0,0,0,0,0,30,0
"78",13045,2019,20190781941418.5,24,0,0,24,60,33.75,17.5,0,0,0,0,265,382.5,0,257.5,661,0,0,7.5,7.5,0,0,0,0,0,0,0,177.5,0
"79",13057,2019,20190697290448.8,6,0,0,6,0,58.8,21.5,0,0,9,10,358.6,386.6,19,274.1,622.6,3.7,9,6.7,1,0,0,0,27,0,0,0,136.1,0
"80",13063,2019,20190608188291.2,17.5,0,0,17.5,0,55,0,0,0,0,0,106.25,382.5,0,106.25,597.5,30,0,22.5,0,0,0,0,0,1.25,0,0,148.75,0
"81",13077,2019,20190655691345.5,42.5,15,0,27.5,0,60,25,0,0,0,22.5,260.75,309,22.5,211.5,597.25,7.25,0,0,0,0,17.5,0,0,2.5,0,0.75,80,0
"82",13097,2019,20190685991399,6,0,0,6,52.4,98.6,3,0,0,17.8,36,155,187,53.8,80.4,656.8,0,0,15,0,0,0,0,0,0,0,0,144.2,0
"83",13113,2019,20190459185651,0,0,0,0,0,73.5,97.5,0,0,0,17.5,180,202.5,17.5,180,795,0,0,115,100,0,0,0,0,0,0,0,0,0
"84",13117,2019,20190661747150.6,13.1111111111111,0,0,13.1111111111111,48.3333333333333,60,18.3333333333333,0,0,0,18.8888888888889,255.888888888889,305.333333333333,20.5555555555556,216.444444444444,577.222222222222,0,0,31.1111111111111,3.33333333333333,5.55555555555556,0,0,5.55555555555556,0,0,0,173.555555555556,0
"85",13135,2019,20190667147772.5,14.6521739130435,0.869565217391304,0,13.7826086956522,0,75.3478260869565,5.52173913043478,8.47826086956522,6.95652173913043,0,16.0869565217391,139.173913043478,204.391304347826,16.0869565217391,122.652173913043,634.913043478261,0.652173913043478,0,41.6521739130435,6.30434782608696,0.652173913043478,0,9.78260869565217,10.4347826086957,21.0869565217391,7.17391304347826,0,194.826086956522,0
"86",13139,2019,20190958316305.6,8.375,0,0,8.375,0,66.875,1.625,22.5,0,0,11.25,187.5,271,11.25,100.625,636.625,0.625,0,31.875,16.875,0,0,0,0,0,0,0,122.5,0
"87",13151,2019,20190633272341.9,5.41666666666667,0,0,5.41666666666667,2.5,54.1666666666667,5.83333333333333,0,39.75,0,14.8333333333333,242.083333333333,285.583333333333,14.8333333333333,156.666666666667,600.416666666667,0.0833333333333333,0,14.5833333333333,2.91666666666667,6.25,0,0,11.25,20,0,0,124.416666666667,0
"88",13223,2019,20190303191900,0,0,0,0,0,230,0,0,120,0,0,420,540,0,240,600,0,0,0,0,0,0,0,0,0,0,0,0,0
"89",15000,2019,20190781941334.5,81.25,0,0,81.25,0,50,0,0,0,0,18.75,277.5,370,18.75,106.25,551.25,0,0,0,0,0,0,0,0,0,43.75,0,60,0
"90",15003,2019,20190602231725.9,56.2083333333333,2.5,0,53.7083333333333,0,85.5,24.1666666666667,10,0,0,41.6666666666667,295.875,336.5,41.6666666666667,179.708333333333,546.625,5.16666666666667,0,35,5.20833333333333,2.70833333333333,0,5.41666666666667,8.125,2.5,10.4583333333333,0,48.7083333333333,0
"91",16000,2019,20190645036807.1,29.1846153846154,0.307692307692308,0.0769230769230769,28.8,1.61538461538462,60.6615384615385,16.4307692307692,4.83076923076923,6.92307692307692,0.0769230769230769,34.8923076923077,265.830769230769,307.184615384615,34.9692307692308,185.307692307692,574.984615384615,3.87692307692308,0.107692307692308,17.4769230769231,6.53846153846154,1.84615384615385,0,4.35384615384615,6.30769230769231,16.9538461538462,18.6923076923077,0,145.830769230769,0
"92",17000,2019,20190630171862.9,22.7097791798107,2.22397476340694,1.02523659305994,19.4605678233438,12.794952681388,76.8359621451104,14.3533123028391,8.09463722397476,3.53943217665615,1.75078864353312,15.1766561514196,242.280757097792,294.353312302839,17.0378548895899,180.072555205047,567.031545741325,6.05362776025237,0.318611987381703,22.4731861198738,5.66246056782334,2.46056782334385,0.479495268138801,1.98107255520505,5.24921135646688,15.7034700315457,12.8548895899054,0,176.148264984227,0
"93",17097,2019,20190782357866.3,26.8333333333333,0,0,26.8333333333333,18.125,65,4.58333333333333,8.75,10.2083333333333,0,31.6666666666667,196.166666666667,253.791666666667,31.6666666666667,153.541666666667,563.875,1.25,0,35.9166666666667,16.6666666666667,0,0,0,0,21.25,9,0,194.666666666667,0
"94",17111,2019,20190596917895.1,50,5.45454545454545,0,44.5454545454545,0,172.727272727273,4.09090909090909,0,0,0,39.0909090909091,286.363636363636,291.818181818182,39.0909090909091,256.363636363636,474.545454545455,0.0909090909090909,0,15.7272727272727,13.9090909090909,0,0.909090909090909,0,0,12.7272727272727,0,0,223.727272727273,0
"95",17119,2019,20190557563959.2,78.125,0,0,78.125,30,104.75,16.875,25.625,16.25,0,0,167.5,220.625,0,160.625,597.5,0,0,6.25,3.75,0,0,0,0,23.125,3.75,0,195.625,0
"96",17163,2019,20190535790707.7,57,0,0,57,0,71,0.1,0,28.5,0,8.5,255.4,315.7,8.5,206,631.3,1.2,0,9,0,6,0,0,6,1.5,0,0,110.5,0
"97",17179,2019,20190547189330.2,11,11,0,0,0,55.8,15,0,0,0,8,290.2,306.2,8,143,524.2,0,0,4.4,0,0,0,0,0,0,6,0,372.8,0
"98",18000,2019,20190675596199.2,31.8171428571429,2.26857142857143,2.28571428571429,27.2628571428571,9.69714285714286,71.6742857142857,15.9314285714286,4.57142857142857,3.6,1.19428571428571,7.33142857142857,259.308571428571,316.474285714286,8.61142857142857,203.531428571429,574.485714285714,1.97142857142857,0.0571428571428571,18.7085714285714,5.86857142857143,1.02857142857143,0.325714285714286,0.685714285714286,1.88571428571429,10.2857142857143,11.6742857142857,1.88571428571429,174.611428571429,0
"99",18019,2019,20190410385363.2,15,0,0,15,0,59,0,0,0,0,0,302,332.8,0,290,569,0,0,13.2,0,0,6,36,36,0,0,0,180,0
"100",18039,2019,20190574268115.2,8.84615384615385,0,0,8.84615384615385,66.6923076923077,82.9230769230769,0.769230769230769,0,0,6.92307692307692,8.07692307692308,296.615384615385,325.923076923077,15,187.076923076923,611.769230769231,0.0769230769230769,0,1.53846153846154,0,0,0,0,0,25.7692307692308,6.53846153846154,0,133.769230769231,0
"101",18063,2019,20190521617394.6,11.4285714285714,0,0,11.4285714285714,0,90,0,0,0,0,15,219.285714285714,225.714285714286,15,196.428571428571,548.714285714286,0,0,43.5714285714286,40.7142857142857,0,0,0,0,0,0,0,351.857142857143,0
"102",18081,2019,20190689524602.7,36.6666666666667,5,0,31.6666666666667,0,98.3333333333333,1.66666666666667,0,0,15,25,275.5,335.5,40,268,578.833333333333,0,0,10,10,0,0,0,0,0,0,0,171.666666666667,0
"103",18089,2019,20190704931934.9,19.9032258064516,0,0,19.9032258064516,45.7096774193548,64.8387096774194,10.7096774193548,4.74193548387097,9.67741935483871,0,15.4838709677419,313.161290322581,348.806451612903,15.4838709677419,258.870967741935,574.709677419355,0.0967741935483871,0,23.1290322580645,7.74193548387097,5.80645161290323,0,0,5.80645161290323,24.741935483871,0,0,122.322580645161,0
"104",18105,2019,20190434436631,33.75,0,0,33.75,0,120,7.5,0,0,0,11.25,208,301.75,11.25,170.5,573.75,0,0,60,11.25,0,0,0,0,15,0,0,115,0
"105",18141,2019,20190503857557,0,0,0,0,0,46.6666666666667,63.3333333333333,0,0,0,40,371.666666666667,373.333333333333,40,318.333333333333,576.666666666667,0,0,3.33333333333333,0,0,0,0,0,0,0,0,160,0
"106",19000,2019,20190617838334.5,34.376,5.24,0.24,28.896,7.04,76.12,9.208,3.96,4.28,6,22.04,258.16,306.408,28.04,171.16,577.424,1.12,0.28,20.824,4.664,3.36,0.2,1.24,4.88,9.12,7.12,1.72,174.152,0
"107",19103,2019,20190642917507.1,44.8181818181818,2.72727272727273,0,42.0909090909091,0,67.7272727272727,20,13.1818181818182,0,13.6363636363636,5.45454545454545,200.272727272727,228.909090909091,19.0909090909091,151.181818181818,564,0,0,15.9090909090909,4.09090909090909,0,0,0,0,5.45454545454545,3.63636363636364,0,230.545454545455,0
"108",19113,2019,20190588190394.1,63.4545454545455,0,0,63.4545454545455,0,51.8181818181818,31.5454545454545,0,27.7272727272727,0,1.81818181818182,305.818181818182,353.545454545455,1.81818181818182,239.454545454545,489.636363636364,0.909090909090909,1.36363636363636,18.6363636363636,3.63636363636364,0,0,0,1.36363636363636,37.9090909090909,38.5454545454545,0,76.3636363636364,0
"109",19163,2019,20190651301764.9,33,0,0,33,0,92.7777777777778,25.7777777777778,0,6.66666666666667,0,7.77777777777778,223.666666666667,283.333333333333,7.77777777777778,89.7777777777778,486.444444444444,0.222222222222222,0.777777777777778,30.2222222222222,5,21.1111111111111,0,0,21.8888888888889,19.4444444444444,14.4444444444444,0,132.777777777778,6.66666666666667
"110",20000,2019,20190681374308.9,26.3666666666667,1,0,25.3666666666667,0,60.6333333333333,20.0666666666667,3.41666666666667,3.75,12.5666666666667,14.0833333333333,247.683333333333,290.133333333333,27.4,181.9,553.083333333333,2.55,1.83333333333333,28.1,5.5,2.13333333333333,0,2,6.46666666666667,14.4,4.96666666666667,0.333333333333333,196.816666666667,0
"111",20091,2019,20190563022534.1,27.6666666666667,1.11111111111111,0,26.5555555555556,0,92.2777777777778,29.5555555555556,15,6.66666666666667,0,10,138.111111111111,211.611111111111,10,105.055555555556,594.777777777778,1.11111111111111,0,33.1111111111111,3.33333333333333,5,1.11111111111111,0,5,13.0555555555556,1.66666666666667,8.33333333333333,221.833333333333,0
"112",20173,2019,20190551299906.7,8.66666666666667,2.22222222222222,0,6.44444444444444,46.1111111111111,46.1111111111111,5.22222222222222,0,0,0,11.1111111111111,247.222222222222,336.555555555556,11.1111111111111,211.666666666667,594.333333333333,0,2.11111111111111,9.44444444444444,6.66666666666667,0,0,5,7.11111111111111,3.33333333333333,7.77777777777778,0,121.111111111111,0
"113",21000,2019,20190630806393.3,25.8928571428571,0.714285714285714,0,25.1785714285714,14.2857142857143,64.6964285714286,8.85714285714286,2.63392857142857,1.20535714285714,0,22.5714285714286,265.866071428571,336.089285714286,22.5714285714286,185.830357142857,584.017857142857,1.99107142857143,0.0892857142857143,15.0446428571429,4.86607142857143,3.83928571428571,0,0.133928571428571,4.0625,19.3660714285714,6.63392857142857,0,135.892857142857,0
"114",21015,2019,20190721807064.7,53.6923076923077,0,0,53.6923076923077,0,72.3076923076923,4,0,26.7692307692308,18.4615384615385,1.53846153846154,228.769230769231,299.384615384615,20,165.307692307692,542.769230769231,0,1.15384615384615,15.7692307692308,4.61538461538461,0,0,0,1.15384615384615,4.61538461538461,3.07692307692308,0,284.615384615385,0
"115",21067,2019,20190626856607.5,35.1333333333333,2,0,33.1333333333333,0,64.9333333333333,14.6666666666667,27.6666666666667,8,0,14.8666666666667,253.733333333333,304.4,14.8666666666667,189.866666666667,632.066666666667,91.1333333333333,0,19.1333333333333,16,4,0,0,4,2.33333333333333,47.4,0,51.9333333333333,0
"116",21111,2019,20190573577964.5,38.4838709677419,0,0,38.4838709677419,5.48387096774194,66.9354838709677,15.1612903225806,1.7741935483871,7.09677419354839,0,0,222.064516129032,282.096774193548,0,160.483870967742,607.225806451613,0.193548387096774,0,21.6451612903226,3.54838709677419,3.54838709677419,0,0,3.54838709677419,32.258064516129,14.6774193548387,0.32258064516129,124.516129032258,0
"117",21117,2019,20190773524543.3,21.6666666666667,0,0,21.6666666666667,0,57.6666666666667,0,0,0,0,0,270.333333333333,285.333333333333,0,270.333333333333,539.666666666667,0,0,22.6666666666667,11.6666666666667,0,0,0,0,0,0,70,167.333333333333,0
"118",22000,2019,20190681610278,22.7826086956522,4.68115942028986,1.01449275362319,17.0869565217391,19.0289855072464,58.3188405797101,7.36231884057971,4.05797101449275,2.02898550724638,4.05797101449275,11.5217391304348,348.927536231884,389.04347826087,15.5797101449275,254.652173913043,620.376811594203,0.898550724637681,0,14.5507246376812,5.50724637681159,1.44927536231884,0.869565217391304,0,1.44927536231884,19.768115942029,7.95652173913043,2.60869565217391,94.4202898550725,0
"119",22005,2019,20190658688374,6,0,0,6,0,110.75,0,30,0,0,0,156.25,200,0,142.5,614.5,0,0,32.5,11.25,0,0,0,0,0,0,0,266.75,0
"120",22033,2019,20190702104159.7,22.3913043478261,0.869565217391304,4.8695652173913,16.6521739130435,20.2173913043478,46.8260869565217,6.69565217391304,0,4.34782608695652,2.60869565217391,18.2608695652174,430.347826086957,452.608695652174,20.8695652173913,348.347826086957,528.391304347826,0.739130434782609,0.260869565217391,30.3913043478261,16.1304347826087,0,0,0,2.8695652173913,4.08695652173913,0,0,139.521739130435,0
"121",22051,2019,20190730421381.3,42.7692307692308,9.23076923076923,0,33.5384615384615,0,52.8461538461538,0.153846153846154,0,0,0,3.84615384615385,218.384615384615,219.923076923077,3.84615384615385,160.692307692308,628,0,0,24.6153846153846,6.92307692307692,15,0,0,20.3076923076923,15,0,0,303.538461538462,0
"122",22063,2019,20190807190890.5,7.5,0,0,7.5,92,107.25,33.75,0,0,0,0,99.25,204.25,0,72.5,462.75,1.25,0,53.75,22.5,0,0,0,0,0,27.75,0,162.5,0
"123",22071,2019,20190554691438.8,14.6875,7.5,0,7.1875,35.875,56.5,3.9375,18.75,5.625,0,13.125,405,447.1875,13.125,288.875,579.75,1.25,1.5625,20,7.5,0,0,5.625,7.1875,15.3125,0.625,0,106.5625,0
"124",22073,2019,20190564391533.8,0,0,0,0,0,34.4,0,0,0,0,5,200,233,5,200,694,1,0,0,0,9,0,0,9,0,0,0,336.6,0
"125",22103,2019,20190597289373.8,25.5,0,0,25.5,0,78.5,22.5,0,0,0,3,144.5,167.5,3,137,574.8,0,0,31.4,12,12,0,0,12,0,0,0,220.5,0
"126",23000,2019,20190572143186.5,22.8571428571429,0,0.142857142857143,22.7142857142857,47,74.5714285714286,7.57142857142857,10.4761904761905,0,0,21.4285714285714,294,325.52380952381,21.4285714285714,248.809523809524,617.761904761905,4.90476190476191,0,7.80952380952381,0.285714285714286,0,1.42857142857143,0,0,1.42857142857143,0,0,190.142857142857,0
"127",23001,2019,20190607389700.2,23.6,0,0,23.6,0,88,28,0,0,0,0,242,326,0,203,591.6,10,0,44.4,24,0,9,0,0,15,0,0,120.6,0
"128",23005,2019,20190652372722.9,29.1818181818182,0,0,29.1818181818182,0,90,8.18181818181818,0,0,0,0.454545454545455,309.090909090909,366.636363636364,0.454545454545455,151.363636363636,550.727272727273,0.0909090909090909,0,10.6363636363636,6.81818181818182,0,0,1.72727272727273,1.72727272727273,1.81818181818182,3.63636363636364,0,157.727272727273,0
"129",23011,2019,20190656190835.5,0,0,0,0,0,160,0,0,0,0,0,192.5,375,0,60,622.5,0,0,30,30,0,0,0,0,15,0,0,0,0
"130",23019,2019,20190630691397.2,0,0,0,0,0,45,0,0,0,0,15,500,521.25,15,388.75,651.25,12.5,0,0,0,0,0,0,0,18.75,0,0,0,0
"131",24000,2019,20190727110849.5,4.2,0,0,4.2,0,70.98,22.56,16.2,0,0,30.56,288.3,318.08,30.56,235.54,598.6,5.3,1.2,29.76,6.1,5.54,0,0,7.34,4.2,0.3,0,128.58,0
"132",24003,2019,20190788456920.3,62.5333333333333,0,4.33333333333333,58.2,0,68.8,1,0,0,0,18.6666666666667,174.733333333333,189.933333333333,18.6666666666667,125.733333333333,532.733333333333,0,0,20,6.33333333333333,0,0,1.33333333333333,1.33333333333333,5,8,0,331.733333333333,0
"133",24013,2019,20190494563810.6,48.125,7.5,0,40.625,3.75,64.375,8.75,0,0,0,7.5,372.875,423.5,7.5,327.875,557.375,0,0,6.25,5.625,0,7.5,0,0,7.75,0,0,168.75,0
"134",24015,2019,20190908192032.5,0,0,0,0,0,160,0,0,0,0,60,332.5,387.5,60,180,697.5,0,0,0,0,0,0,0,0,20,0,0,0,0
"135",24017,2019,20190352691349.5,0,0,0,0,0,82.5,7.5,0,0,0,0,382,382,0,337,743,15.5,0,15,0,60,0,0,60,0,0,0,0,0
"136",24025,2019,20190576477314.7,56.4285714285714,0,0,56.4285714285714,0,62.8571428571429,0.714285714285714,0,0,0,8.57142857142857,261.428571428571,350,8.57142857142857,187.142857142857,504.285714285714,0.142857142857143,0,2.85714285714286,0,0,0,0,0,0,0,0,303.571428571429,0
"137",24031,2019,20190643276704.5,33.8285714285714,7.34285714285714,0,26.4857142857143,12.2857142857143,100.685714285714,19.9142857142857,17.0857142857143,2.57142857142857,0,24,207.8,271.171428571429,24,119.6,577.857142857143,0.714285714285714,0.285714285714286,18.4285714285714,14.5714285714286,0,0,2.14285714285714,2.42857142857143,4.85714285714286,7.28571428571429,0,127.828571428571,0
"138",24033,2019,20190650339113,17.8888888888889,0,0,17.8888888888889,21.2962962962963,86.8518518518518,2.22222222222222,0,0,0,29.6296296296296,185.222222222222,220.111111111111,29.6296296296296,135.037037037037,601.333333333333,0,0.740740740740741,17.4814814814815,0,4.07407407407407,4.81481481481481,2.22222222222222,7.03703703703704,31.8518518518519,18.7037037037037,0.37037037037037,165.814814814815,0
"139",24510,2019,20190555691135.5,0,0,0,0,0,62.6428571428571,0.214285714285714,0,0,0,8.57142857142857,203.142857142857,225.571428571429,8.57142857142857,186.357142857143,569.214285714286,0,0,38.3571428571429,27,1.78571428571429,0,12.3571428571429,14.1428571428571,30.7142857142857,14,0,231.571428571429,0
"140",25000,2019,20190504291387.5,98,6,5.3,86.7,0,74.5,7.5,0,0,16,35.5,207.1,240.1,51.5,140.4,514.1,0,4.5,53.3,9,0,0,0,4.5,0,0,0,89.5,0
"141",25001,2019,20190756024762.2,7.5,0,0,7.5,0,42.1666666666667,23.5,0,0,0,0,352.833333333333,411.166666666667,0,237.5,667.5,0,0,26.6666666666667,15.8333333333333,0,0,0,0,12.5,7.5,0,0,0
"142",25005,2019,20190726091489.9,53.3,6,0,47.3,3,54.5,6,12,0,0,47.5,204.3,228.3,47.5,168.7,616.9,0,0,6,0,0,0,0,0,0,0,0,304.4,0
"143",25009,2019,20190710543220.7,36.7058823529412,6.73529411764706,0,29.9705882352941,1.76470588235294,76.1176470588235,16.5294117647059,6.91176470588235,13.3823529411765,0,11.4705882352941,239.529411764706,319.441176470588,11.4705882352941,136.5,592.588235294118,0.941176470588235,0.441176470588235,24.9411764705882,10.2941176470588,1.32352941176471,0.147058823529412,0,1.76470588235294,10.8823529411765,2.20588235294118,17.0882352941176,112.470588235294,0
"144",25013,2019,20190599189985.4,5,2.30769230769231,0,2.69230769230769,0,55.1538461538462,1.92307692307692,0,0,0,13.4615384615385,291.153846153846,331.846153846154,13.4615384615385,246.923076923077,559.615384615385,0,0.769230769230769,17.6923076923077,0,0,0,0,0.769230769230769,0,18.8461538461538,0,219.153846153846,0
"145",25015,2019,20190616302632.3,26.1111111111111,3.33333333333333,0,22.7777777777778,30,67.7777777777778,26.1111111111111,0,10,0,10,156.666666666667,190,10,88.3333333333333,574.777777777778,3.33333333333333,0,33.8888888888889,6.66666666666667,0,2.22222222222222,0,0,0.333333333333333,43.7777777777778,0,231.777777777778,0
"146",25017,2019,20190606891566.9,51,4.47761194029851,1.04477611940298,45.4776119402985,22.5223880597015,86.2089552238806,10.1194029850746,12.7611940298507,11.044776119403,0,20.5223880597015,234.567164179104,296.641791044776,20.5223880597015,179.268656716418,567.671641791045,0.522388059701492,0.223880597014925,19.3432835820896,5.8955223880597,10.0746268656716,0.0746268656716418,1.56716417910448,11.865671641791,3.50746268656716,8.46268656716418,1.7910447761194,135.179104477612,0
"147",25021,2019,20190657536156.8,33.6923076923077,0,0,33.6923076923077,23.2692307692308,71.9615384615385,17.5384615384615,13.0769230769231,11.5384615384615,16.1538461538462,20.7692307692308,243.807692307692,297.461538461538,37.6923076923077,126.346153846154,593,7.11538461538461,1.15384615384615,29.7307692307692,15.1153846153846,5.38461538461539,5.19230769230769,1.92307692307692,8.46153846153846,2.88461538461538,21.0769230769231,22.9615384615385,83.4615384615385,0
"148",25023,2019,20190665591746.4,79,0,0,79,0,77.5,14.5,7.5,0,0,4.5,261,312.7,4.5,227,593.4,0,1.5,12.7,6,0,0,0,1.5,0,0,28.5,56.5,0
"149",25025,2019,20190643815896.9,13.625,0,0,13.625,24.7916666666667,80.75,7.54166666666667,0,15.3333333333333,4.58333333333333,6.45833333333333,293.458333333333,341.791666666667,11.0416666666667,199.291666666667,589.041666666667,0,0,27.5416666666667,7.25,0,0.208333333333333,2.5,8.33333333333333,5.83333333333333,0,0,173.625,0
"150",25027,2019,20190554116171.4,33.6666666666667,0.555555555555556,0,33.1111111111111,11.8518518518519,65.1111111111111,7.66666666666667,0,2.22222222222222,0,17.7777777777778,262.407407407407,308.925925925926,17.7777777777778,209.62962962963,519.740740740741,2.88888888888889,0.481481481481481,17.8148148148148,8.33333333333333,0,0,2.22222222222222,2.7037037037037,16.8888888888889,0.740740740740741,0,207.407407407407,0
"151",26000,2019,20190637670484.4,30.15,1.7,0.15,28.3,4.1,71.4,18.9,3.8,4.85,5.88,18.12,251.53,305.77,24,183.64,581.57,1.09,0.13,25.16,8.8,1.55,0.25,0.75,2.63,10.87,5.87,13.26,124.61,0
"152",26005,2019,20190365189398.4,10,0,0,10,0,52,0,0,0,0,0,368,368,0,289,557,0,0,5,4,0,0,0,0,34,18,0,194,0
"153",26021,2019,20190662634531.3,19.3333333333333,3.88888888888889,0,15.4444444444444,0,55.7777777777778,5,0,10,0,35,355.777777777778,369.111111111111,35,323.666666666667,582.777777777778,0.222222222222222,0.555555555555556,11.6666666666667,1.11111111111111,0,0,0,17.2222222222222,10,0,0,138.333333333333,0
"154",26025,2019,20190705905714.6,52.5714285714286,0,0,52.5714285714286,0,80,9.42857142857143,0,0,0,0,344.857142857143,344.857142857143,0,279.142857142857,649.285714285714,0,0,15,8.57142857142857,5.71428571428571,1.42857142857143,0,5.71428571428571,0,0,0,115,0
"155",26049,2019,20190599590796.2,32.0666666666667,4,6,22.0666666666667,27.6666666666667,59.6666666666667,1.8,0,18.5333333333333,0,7.33333333333333,277.2,300.533333333333,7.33333333333333,182.533333333333,596.333333333333,0,0,15,1.33333333333333,14,0,0,14,12.5333333333333,17.6666666666667,0,209,0
"156",26075,2019,20190835188845.2,0,0,0,0,110.75,70,15,0,0,0,0,256.25,322.5,0,150,576.75,0,0,0,0,0,0,0,0,11.25,0,0,123.75,0
"157",26081,2019,20190603143660.8,12.7272727272727,1.36363636363636,0,11.3636363636364,0,76.1363636363636,22.5,19.7727272727273,12.9545454545455,0,13.0454545454545,287.772727272727,345.272727272727,13.0454545454545,199.409090909091,564.954545454545,0,1.22727272727273,11.9090909090909,0.681818181818182,1.36363636363636,0.227272727272727,0,2.59090909090909,13.7727272727273,15,0.454545454545455,119.818181818182,0
"158",26093,2019,20190554525023.3,0,0,0,0,0,40,0,151.666666666667,15,0,0,241.833333333333,438.5,0,222.666666666667,597.5,0,0,25,0,0,0,0,0,6.66666666666667,30,0,159.166666666667,0
"159",26099,2019,20190547018476.6,28.8620689655172,1.03448275862069,0.172413793103448,27.6551724137931,19.551724137931,70.3448275862069,20.5862068965517,0,0,0,31.551724137931,287.448275862069,321.068965517241,31.551724137931,243.862068965517,619.48275862069,11.8620689655172,0,21.551724137931,11.3793103448276,2.41379310344828,5.3448275862069,0,2.41379310344828,8.27586206896552,0,0,85.5172413793103,0
"160",26115,2019,20190592441287.6,86.125,0,0,86.125,0,61.875,3.5,0,0,0,11.25,200.625,251.875,12.375,179.375,619.25,0,0.5,0.625,0,0,0,0,0.5,13.125,0,0,227.875,0
"161",26121,2019,20190638089771.5,14,0,0,14,0,59,17.7,0,0,0,6,340.4,369.8,6,241.9,597.9,6.5,0,32,6,6,0,0,6,31.1,0,0,88.7,0
"162",26125,2019,20190618316131.9,28.0625,4.6875,0,23.375,12.125,65.625,4.0625,9.6875,4.375,2.70833333333333,32.7291666666667,191.479166666667,256.520833333333,35.4375,119.291666666667,558.229166666667,0.625,0,23.0416666666667,7.39583333333333,0.416666666666667,0,9.375,9.79166666666667,11.2291666666667,5.20833333333333,6.25,230.458333333333,0
"163",26145,2019,20190807524830.3,53.3333333333333,0,0,53.3333333333333,0,93.3333333333333,6.66666666666667,0,0,0,0,421.666666666667,428.333333333333,0,296.666666666667,611.666666666667,0.666666666666667,0,0,0,0,0,0,0,0,0,0,83.3333333333333,0
"164",26161,2019,20190799422129.5,82.7692307692308,0,44.2307692307692,38.5384615384615,0,73.6923076923077,25,0.769230769230769,0,0,16.5384615384615,208.615384615385,277.461538461538,16.5384615384615,135.538461538462,563.461538461538,10.3846153846154,0,49.6153846153846,21.6923076923077,0,2.30769230769231,0,0,0,32,2.30769230769231,9.23076923076923,0
"165",26163,2019,20190685191019.9,10.9574468085106,1.27659574468085,0,9.68085106382979,8.29787234042553,65.7872340425532,7.76595744680851,0,14.1702127659574,0,25.9574468085106,331.404255319149,389.340425531915,26.5957446808511,258.553191489362,605.723404255319,9.36170212765957,0.319148936170213,8.59574468085106,4.46808510638298,3.29787234042553,0,0,3.61702127659574,13.0851063829787,14.0425531914894,0,77.7659574468085,0
"166",27000,2019,20190704904035.3,36.048951048951,0.839160839160839,0.741258741258741,34.4685314685315,7.72727272727273,72.1888111888112,11.4265734265734,7.65734265734266,4.90909090909091,2.51748251748252,23.0629370629371,241.818181818182,295.86013986014,25.5804195804196,166.384615384615,555.426573426573,0.328671328671329,0.13986013986014,17.5314685314685,6.37762237762238,1.38461538461538,0.244755244755245,0.20979020979021,1.73426573426573,5.97902097902098,10.3356643356643,0,178.468531468531,0
"167",27003,2019,20190433618028.9,49.2857142857143,0,0,49.2857142857143,0,82.1428571428571,5,17.1428571428571,0,0,7.14285714285714,302.571428571429,345.428571428571,7.14285714285714,251.857142857143,567,9.28571428571429,0.714285714285714,29.2857142857143,5.71428571428571,0,0,0,0.714285714285714,0,0,0,227.857142857143,0
"168",27123,2019,20190588755693.1,30.695652173913,0,0,30.695652173913,5.21739130434783,70.0869565217391,12.8260869565217,18.2608695652174,17.4782608695652,0,32.3913043478261,270.217391304348,327.695652173913,32.3913043478261,191.086956521739,575.652173913043,1.73913043478261,0.217391304347826,16.7391304347826,5.8695652173913,0,0,5.65217391304348,5.8695652173913,20.2173913043478,0,0,187.478260869565,0
"169",27139,2019,20190538191866,0,0,0,0,169,53.3333333333333,30,0,0,0,28,208.333333333333,208.333333333333,28,128.333333333333,672,0,0,33.3333333333333,0,0,0,0,0,0,0,0,0,0
"170",27163,2019,20190546889452.7,11.6,0,0,11.6,57,60.5,27.3,0,7,0,56.3,205,246.5,56.3,164,537.4,0,1,50.5,39.5,6,3,0,7,45.5,0,0,108.5,0
"171",27171,2019,20190542021355.5,0,0,0,0,0,77.6666666666667,0.333333333333333,0,0,0,20,294.166666666667,313.666666666667,20,272.833333333333,505.333333333333,0,0,3.5,0,0,0,0,0,0,0,0,390.166666666667,0
"172",28000,2019,20190655495189.6,30.1142857142857,0.619047619047619,0.114285714285714,29.3809523809524,10.752380952381,54.8190476190476,15.152380952381,6.33333333333333,0.857142857142857,2.52380952380952,12.8857142857143,319.171428571429,369.838095238095,15.4095238095238,225.895238095238,601.819047619048,9.80952380952381,0.114285714285714,14.447619047619,5.24761904761905,0.857142857142857,0,0.247619047619048,1.21904761904762,26.9714285714286,9.58095238095238,0,100.733333333333,0
"173",29000,2019,20190678105548.9,14.6279069767442,0.62015503875969,0.0387596899224806,13.968992248062,2.09302325581395,61.937984496124,8.61240310077519,2.67441860465116,3.4031007751938,0,23.1937984496124,325.627906976744,367.759689922481,23.1937984496124,244.736434108527,605.93023255814,1.36434108527132,0.62015503875969,20.8759689922481,5.11627906976744,1.74418604651163,0.891472868217054,0.503875968992248,3.06201550387597,11.4883720930233,3.27131782945736,1.3953488372093,129.767441860465,0.232558139534884
"174",29071,2019,20190784938746.8,2.5,0,0,2.5,0,80,0,0,0,0,0,255,262.5,0,21.25,572.25,0,0,16.5,0,0,0,0,0,0,0,0,180.75,0
"175",29099,2019,20190339854993.8,102.5,0,0,102.5,60,80.8333333333333,20,0,0,0,0,218.333333333333,298.333333333333,0,174.166666666667,648,3.33333333333333,0,22.5,0,0,0,0,0,39.1666666666667,0,0,0,0
"176",29189,2019,20190648278417,28.1176470588235,0,0,28.1176470588235,7.05882352941176,75.3529411764706,14.3529411764706,3.82352941176471,8.97058823529412,2.94117647058824,13.0882352941176,308.029411764706,352.176470588235,16.0294117647059,258.5,591.647058823529,13.3823529411765,0,35.8235294117647,6.76470588235294,6.47058823529412,0,0,6.91176470588235,16.3235294117647,7.20588235294118,0,133.264705882353,0
"177",30000,2019,20190639191085.8,23.5185185185185,0,0,23.5185185185185,7.77777777777778,63.5555555555556,13.5925925925926,1.66666666666667,7.59259259259259,0,20.6296296296296,204.296296296296,246.407407407407,20.6296296296296,154.481481481481,555.37037037037,0,0,13.8148148148148,1.85185185185185,0,4.44444444444444,0,0,3.88888888888889,9.25925925925926,2.22222222222222,251.740740740741,0
"178",30111,2019,20190305439474.8,11.25,11.25,0,0,0,118,3.75,0,0,0,15,262.5,333.25,15,222.5,507.5,7.5,0,15,15,37.5,1.25,0,37.5,22.5,0,0,95.75,0
"179",31000,2019,20190679736121.6,14.3272727272727,1.09090909090909,1,12.2363636363636,0,56.8727272727273,3.90909090909091,18.3272727272727,5.45454545454545,0,14.9272727272727,221.618181818182,297.618181818182,14.9272727272727,161.054545454545,572.490909090909,7.29090909090909,0,25.6727272727273,9.36363636363636,10.6181818181818,0.272727272727273,0,10.6181818181818,14.7636363636364,13.4545454545455,4.36363636363636,194.618181818182,0
"180",31055,2019,20190645886100,44.1739130434783,0.869565217391304,4.47826086956522,38.8260869565217,3.91304347826087,85.3478260869565,14.304347826087,15.0434782608696,0,0,18.2608695652174,211.478260869565,246.739130434783,19.3478260869565,150.478260869565,570.913043478261,0,3.91304347826087,9.21739130434783,4.34782608695652,0,0,0,3.91304347826087,17.7826086956522,2.60869565217391,0,147.695652173913,0
"181",32000,2019,20190667345164.2,8.07692307692308,0,0,8.07692307692308,0,103.230769230769,4.69230769230769,0,18.8461538461538,0,8.46153846153846,259,299.769230769231,8.46153846153846,226.307692307692,603.923076923077,2.69230769230769,0,18.1538461538462,0.461538461538462,5.76923076923077,0,3.46153846153846,9.23076923076923,0,19.3846153846154,0,233.461538461538,0
"182",32003,2019,20190615067036.7,13.1506849315068,2.67123287671233,0,10.4794520547945,13.6164383561644,64.2876712328767,8.43835616438356,7.71232876712329,0,8.54794520547945,14.6575342465753,301.904109589041,342.671232876712,23.2054794520548,227.328767123288,612.205479452055,5.42465753424658,0,11.2054794520548,4.17808219178082,7.53424657534247,0.342465753424658,0,7.53424657534247,8.17808219178082,5.61643835616438,0,133.150684931507,0
"183",33000,2019,20190590882821.2,64.0769230769231,4.61538461538461,0,59.4615384615385,18,67.6923076923077,24.6923076923077,0,0,0,2.30769230769231,229.769230769231,258.307692307692,2.30769230769231,180.615384615385,599.615384615385,9.23076923076923,0,2.69230769230769,1.15384615384615,0,18.4615384615385,0,0,3.46153846153846,0,21.1538461538462,158.769230769231,0
"184",33011,2019,20190694315851.1,5.25,0,0,5.25,8.25,134.375,17,11.25,0,0,11.25,307.875,332.25,11.25,206.5,541.5,2.5,0.625,10.9375,2.8125,0,0,0,0.625,0,13.125,0,153,0
"185",33013,2019,20190832691627,12.5,0,0,12.5,0,73.75,0,0,67.5,0,0,214.5,320.75,0,147,532.5,0,0,60,0,0,0,0,0,0,0,0,175,0
"186",33015,2019,20190707113891.6,26.5384615384615,0,0,26.5384615384615,0,68.2307692307692,16.1538461538462,13.0769230769231,0,0,15,254.461538461538,275.615384615385,15,210,605.384615384615,7.69230769230769,0,11.5384615384615,1.53846153846154,0,3.46153846153846,0,0,11.5384615384615,0,0,178.461538461538,0
"187",33017,2019,20190482188081.8,3.75,0,0,3.75,0,76.75,61.25,0,0,62.5,7.5,277.5,277.5,70,232.5,591.25,0,0,11.25,10,0,0,0,0,3.75,0,0,250,0
"188",34000,2019,20190709056067.1,20.6153846153846,0.384615384615385,0,20.2307692307692,1.15384615384615,80.2884615384615,9.15384615384615,8.51923076923077,0,0,16.6346153846154,285.788461538462,333.634615384615,16.6346153846154,207.903846153846,558.019230769231,0,0,47.5576923076923,3.65384615384615,0.865384615384615,0.0961538461538462,2.34615384615385,3.21153846153846,6.76923076923077,2.59615384615385,0,163.519230769231,0
"189",34003,2019,20190657789354.9,6.5,3,0,3.5,4.25,87.15,9.9,0,0,0,6,180.75,233.1,6,139.5,541.4,0,0,24.65,8.75,0,3.55,0,0,2.5,5,0,307.9,0
"190",34005,2019,20190766991516.1,7.5,0,0,7.5,0,79.5,28.2,4,0,0,36,200.5,268.2,36,118,578.2,0,0,3.5,3,0,0,4.5,4.5,15,40.5,0,194,0
"191",34007,2019,20190685476062.6,48.6428571428571,0,0,48.6428571428571,32.8571428571429,56.2142857142857,4.28571428571429,0,0,0,2.14285714285714,254.714285714286,282.928571428571,2.14285714285714,227.214285714286,543.785714285714,19.2857142857143,0,21.5,8.57142857142857,6.42857142857143,0,0,6.42857142857143,0,38.5,0,190.928571428571,0
"192",34011,2019,20190706691791,53,0,15,38,45,27.5,0,0,0,0,0,380,440,0,380,450,0,0,0,0,0,0,0,0,0,0,0,304.5,0
"193",34013,2019,20190711459283.2,45.3846153846154,5,6.15384615384615,34.2307692307692,13.0384615384615,64.1923076923077,35.3846153846154,0,5.76923076923077,0,16.5384615384615,295.807692307692,339.269230769231,16.5384615384615,216.461538461538,566.461538461538,0.230769230769231,0.769230769230769,28.5384615384615,12.0384615384615,0,0,0,0.769230769230769,1.15384615384615,3.84615384615385,0,115.576923076923,0
"194",34017,2019,20190697240114.4,14.6,2,0,12.6,0,98,6.5,0,3.65,0,9.5,246.1,301.25,9.5,206.75,611.1,31.7,0,31.6,5.5,6,0,0,13.5,14.9,0,0,95.95,0
"195",34019,2019,20190439189680.7,0,0,0,0,0,40.8333333333333,2.5,0,60,0,7.5,302.5,387.5,7.5,267.5,550.833333333333,0,0.833333333333333,2.5,2.5,0,0,5,5.83333333333333,10,135.833333333333,0,83.1666666666667,0
"196",34021,2019,20190534191554.6,5.5,0,0,5.5,0,68.8,19,34,59,0,12,249.5,373.5,12,153.8,548.8,0,0,15,3,9,0,0,9,0,0,0,138.8,0
"197",34023,2019,20190737131291.1,32.1176470588235,10.5882352941176,0,21.5294117647059,5.29411764705882,69.5294117647059,4.88235294117647,20.2941176470588,0,0,20.5882352941176,301.117647058824,363.647058823529,20.5882352941176,181.588235294118,555.352941176471,0,0,43.5294117647059,3.52941176470588,0,0,0,4.11764705882353,7.05882352941176,2.64705882352941,0,109.647058823529,0
"198",34027,2019,20190565724029.6,42.6,1.33333333333333,0,41.2666666666667,12,71.5333333333333,11.8666666666667,23.3333333333333,0,0,11,207.666666666667,270.133333333333,11,170.866666666667,576.333333333333,4,0,29.8666666666667,16,1.66666666666667,0.666666666666667,0,1.66666666666667,0,18,0,124.4,0
"199",34031,2019,20190606257368.4,42.4,0,0,42.4,0,53.8666666666667,36.7333333333333,0,22,0,5.66666666666667,239.6,291.4,5.66666666666667,174.6,618.533333333333,0.0666666666666667,0,28,17.5333333333333,8.66666666666667,0,4,12.6666666666667,4,0,0,113.066666666667,0
"200",34035,2019,20190766107452,9.58333333333333,5,0,4.58333333333333,68.3333333333333,90,18.5,0,0,0,33.3333333333333,324.333333333333,355.166666666667,33.3333333333333,253.083333333333,635.833333333333,0,0,6.66666666666667,6.66666666666667,0,0,0,0,0,0,0,110,0
"201",34037,2019,20190948591576.8,18.6,0.6,0,18,0,141.8,14,3,0,0,0,65,104,0,33.8,564,0,0,35,0,0,0,0,0,0,36,0,233.2,0
"202",34039,2019,20190691729000.7,24.5384615384615,0,0,24.5384615384615,0,73.4615384615385,34.5384615384615,8.07692307692308,36.5384615384615,0,21.1538461538462,215,357.692307692308,21.1538461538462,130.769230769231,535.384615384615,7.07692307692308,0,18,0,0,0,3.46153846153846,3.46153846153846,18.4615384615385,0,9.23076923076923,117.692307692308,0
"203",35000,2019,20190680881995.4,5.26923076923077,0,0,5.26923076923077,18.4615384615385,68.6538461538462,17.8846153846154,6.92307692307692,0,0,11.5384615384615,312.307692307692,340.769230769231,11.5384615384615,217.961538461538,651.769230769231,2.73076923076923,0,36.7692307692308,8.84615384615385,0,6.92307692307692,0,0,11.6923076923077,18.2692307692308,0,98.5384615384615,0
"204",35001,2019,20190592524247.1,26.1666666666667,3,0,23.1666666666667,20.2333333333333,50.9666666666667,7.36666666666667,0,5,0,9.66666666666667,274.533333333333,306.866666666667,9.66666666666667,163.933333333333,624.666666666667,29.9333333333333,1,23.1666666666667,7.5,0,1.16666666666667,0.666666666666667,1.66666666666667,15,0.333333333333333,0,175.066666666667,0
"205",35013,2019,20190529189082.4,56.1111111111111,0,0,56.1111111111111,0,53.3333333333333,7.22222222222222,0,0,0,45,274,276.777777777778,45,243.111111111111,558.888888888889,0.555555555555556,0,35,0,0,0,0,0,10.5555555555556,21.1111111111111,0,237.777777777778,0
"206",35045,2019,20190554191965.5,0,0,0,0,0,92,35,0,0,0,0,287,422,0,112,679,20,0,5,0,0,0,0,0,0,0,0,0,0
"207",35049,2019,20190544938702.5,13.75,0,0,13.75,0,67.25,8.125,41.25,0,0,5.625,276.125,375.125,5.625,169.75,588,0,0,46.25,7.5,0,0,0,0,25.625,0,0,172.875,0
"208",36000,2019,20190652362888.2,28.1655172413793,0.862068965517241,0.2,27.1034482758621,6.10344827586207,70.351724137931,15.7931034482759,3.41379310344828,3.96551724137931,1.24137931034483,27.6344827586207,289.275862068966,327.158620689655,29.2896551724138,202.062068965517,576.096551724138,1.61379310344828,0.137931034482759,23.8620689655172,5.62068965517241,2.80689655172414,0.586206896551724,0.413793103448276,3.35862068965517,8.13793103448276,8.62758620689655,0.986206896551724,133.475862068966,0
"209",36005,2019,20190649290985.3,9.5,1.5,0,8,0,47.5333333333333,6.56666666666667,0,0,0,13,241.1,327.4,13,172.266666666667,597.9,0.3,0,19.4666666666667,8.16666666666667,3,0.166666666666667,0,3,19.8,0,0,161.4,0
"210",36047,2019,20190697271065.9,35.2903225806452,1.93548387096774,0,33.3548387096774,26.1290322580645,79.4838709677419,10.9677419354839,5.16129032258065,9.67741935483871,2.58064516129032,27.6290322580645,297.08064516129,346.548387096774,30.2096774193548,230.274193548387,587.112903225806,1.48387096774194,1.93548387096774,27.5161290322581,10.0645161290323,2.33870967741935,0,0.32258064516129,4.59677419354839,17.1129032258065,0,0,87.7741935483871,0
"211",36055,2019,20190601826890.5,71.4090909090909,0.909090909090909,1.36363636363636,69.1363636363636,0,68.1818181818182,1.22727272727273,0,8.18181818181818,0,5.68181818181818,181.454545454545,251.681818181818,5.68181818181818,116.272727272727,541.090909090909,0,0.681818181818182,7.27272727272727,4.54545454545455,4.5,0,0,5.18181818181818,0.681818181818182,2.72727272727273,0,207.363636363636,0
"212",36059,2019,20190526090210.2,21.6,0.75,0,20.85,23.6,90.8,1.5,0,6.5,0,7,287.8,344.7,7,224.45,579.45,2.35,0,31.4,13,3.5,0,0,3.5,3,0,0,140.05,0
"213",36061,2019,20190560969627.1,13.9024390243902,0.365853658536585,0,13.5365853658537,0,100.951219512195,6.4390243902439,3.90243902439024,0,2.92682926829268,29.5121951219512,216.121951219512,234.658536585366,33.9024390243902,143.414634146341,584.585365853659,5.60975609756098,0.0487804878048781,17.4390243902439,8.41463414634146,2.5609756097561,0,0,2.60975609756098,0.48780487804878,14.8292682926829,0,247.536585365854,0
"214",36067,2019,20190505190636.8,8.18181818181818,0.454545454545455,0,7.72727272727273,12.7272727272727,77,14.5454545454545,56.3636363636364,0,43.6363636363636,5.45454545454545,173.636363636364,245,49.0909090909091,134.818181818182,640.636363636364,3.18181818181818,0,2.81818181818182,1.36363636363636,5.45454545454545,5.45454545454545,0,5.45454545454545,0,4.09090909090909,0,187.272727272727,0
"215",36069,2019,20190406439007.5,38.75,38.75,0,0,7.5,33.75,3.75,0,91.25,0,0,192.25,283.5,0,139.75,493.75,0,0.75,60.5,3.75,0,0,0,0.75,0,72.5,0,196.75,0
"216",36071,2019,20190767890624.8,27,0,0,27,0,52.1,9,0,0,0,13,286,329.5,13,243.1,542.5,4.7,0,12,10.5,0,0,0,0,3,0,0,242.7,0
"217",36081,2019,20190612533724.8,18.9375,2.96875,0,15.96875,1.25,50.125,16.25,3.75,2.1875,0,5.625,271.90625,303.65625,5.625,204.71875,570.75,0.9375,0,17.875,7.65625,7.5,0,1.25,10.15625,15.5625,7.03125,0,215.375,0
"218",36085,2019,20190748940310.5,21.4166666666667,5.41666666666667,0.416666666666667,15.5833333333333,0,102.583333333333,1.83333333333333,0,0,0,8.75,211.25,263.166666666667,8.75,161.666666666667,552.416666666667,0,0,13.3333333333333,7.5,5,0.833333333333333,0,5,11,0,0,229.583333333333,0
"219",36087,2019,20190714114582.6,37.3076923076923,10.3846153846154,0,26.9230769230769,2.30769230769231,62.3076923076923,8.53846153846154,0,0,0,2.30769230769231,223.076923076923,314.384615384615,2.30769230769231,161.384615384615,534.153846153846,1.53846153846154,0,30.1538461538462,6.92307692307692,0,0,0,5.38461538461539,1.53846153846154,31.1538461538462,0,153.384615384615,0
"220",36091,2019,20190746591583.4,7,0,0,7,82,98,15.6,0,0,0,19.4,140,164,19.4,101,636,1,0,19,0,0,0,0,9,0,0,0,152,0
"221",36103,2019,20190731691149.5,26.7857142857143,0,1.07142857142857,25.7142857142857,19.1071428571429,97.1071428571429,6.07142857142857,2.14285714285714,0,0,5.71428571428571,231.5,274.178571428571,5.71428571428571,177.571428571429,547.964285714286,0.321428571428571,0.535714285714286,38.75,16.6071428571429,0,0,1.07142857142857,1.60714285714286,2.67857142857143,0,0,181.678571428571,0
"222",36119,2019,20190589103018.2,35.6521739130435,1.52173913043478,0,34.1304347826087,11.2608695652174,77.2608695652174,24.7826086956522,0,0,0,33.2608695652174,221.304347826087,276.086956521739,33.2608695652174,175.913043478261,626,0.0869565217391304,0.434782608695652,12.4347826086957,5.8695652173913,1.30434782608696,0.869565217391304,3.91304347826087,6.30434782608696,16.304347826087,0.434782608695652,0,138.391304347826,0
"223",37000,2019,20190678869725.1,24.2065217391304,0.923913043478261,0,23.2826086956522,12.25,61.8478260869565,11.820652173913,3.26086956521739,2.20108695652174,2.09239130434783,19.2717391304348,272.277173913043,306.684782608696,21.3641304347826,204.108695652174,589.54347826087,7.92391304347826,0.233695652173913,22.5869565217391,6.42391304347826,1.03260869565217,1.6304347826087,1.70108695652174,3.6195652173913,17.3260869565217,6.0054347826087,0.78804347826087,160.059782608696,0.108695652173913
"224",37001,2019,20190619315322.5,17.1875,0,0,17.1875,7.8125,76.5625,30.6875,0,0,0,9.375,244.1875,298.5625,9.375,192.9375,646.25,15.75,0,7.1875,6.875,0,0,0,0,30.625,0,0,118.5,0
"225",37021,2019,20190656024923.2,0.166666666666667,0,0,0.166666666666667,0,52.1666666666667,25,0,0,0,15,265.166666666667,317.666666666667,15,167.666666666667,568.166666666667,4,0,13.3333333333333,0,0,0,0,0,30,0,0,170.833333333333,0
"226",37057,2019,20190506589537.4,20,0,0,20,0,111.8,10.6,0,0,0,0,209.8,277.4,0,102,640.2,0,0,10.4,6,18,0,0,18,36,21,0,73.6,0
"227",37067,2019,20190455190236.4,0,0,0,0,0,85.625,15,0,10.625,0,10,192.875,239.75,10,126.25,585.625,3.75,0,14.375,7.5,0,0,0,0,3.125,46.875,0,51.875,0
"228",37119,2019,20190580190369.4,37.5161290322581,0.967741935483871,0,36.5483870967742,15.9677419354839,76.8064516129032,14.4838709677419,8.70967741935484,12.741935483871,0,23.3870967741935,256.903225806452,313.645161290323,23.3870967741935,203,558.645161290323,1.87096774193548,0,26.2903225806452,2.90322580645161,0,0,0,0,7.09677419354839,11.1290322580645,0,181.677419354839,0
"229",37133,2019,20190683858387.9,25.4444444444444,0,0,25.4444444444444,0,87.2222222222222,1.66666666666667,0,0,0,0,270.666666666667,363.888888888889,0,125.888888888889,588.888888888889,0.111111111111111,0,38.3333333333333,2.22222222222222,0,0,0,0,33.3333333333333,0,0,121.555555555556,0
"230",37147,2019,20190647989472,59.2,1,0,58.2,0,99,3,19,0,0,0,295.8,394.4,0,232.4,533,0,0,53.4,15,0,0,5,5,42,3,0,0,0
"231",37155,2019,20190771048477.5,3.64285714285714,0,0,3.64285714285714,19.2857142857143,61.4285714285714,8.92857142857143,0,7.14285714285714,0,0,277.428571428571,316.857142857143,0,171.428571428571,664.642857142857,0.357142857142857,1.42857142857143,25,2.85714285714286,9.64285714285714,0,0,11.0714285714286,31.7857142857143,9.64285714285714,0,81.0714285714286,0
"232",37159,2019,20191110190307,75,0,0,75,0,87.5,5,42.5,0,0,0,55,120,0,30,571,0,0,30,15,0,0,0,0,30.5,60,0,165,0
"233",37179,2019,20190554691437.8,17.5,0,0,17.5,0,86.6666666666667,30,0,0,0,0,281.5,297.833333333333,0,208.166666666667,614.5,0,0,60.8333333333333,17.5,3.33333333333333,0,0,3.33333333333333,22.5,0,0,118.333333333333,0
"234",37191,2019,20190580189374.8,93.0909090909091,0,0,93.0909090909091,0,54.2727272727273,11.4545454545455,0,0,0,7.72727272727273,344.090909090909,382.272727272727,7.72727272727273,330.454545454545,614.909090909091,0,0.454545454545455,22.7272727272727,0,0,0,0,0.454545454545455,24.0909090909091,4.27272727272727,0,46.6363636363636,0
"235",38000,2019,20190546822729.5,34.5666666666667,0,2.1,32.4666666666667,0,80.0666666666667,16.3,8,0,0,9,297.6,355.866666666667,9,213.066666666667,545.333333333333,0,0,25.5666666666667,3.5,15,0,0,16.3333333333333,5.63333333333333,4.9,0,141.366666666667,0
"236",39000,2019,20190635476258.9,27.7706766917293,2.49624060150376,0.398496240601504,24.8759398496241,15.7593984962406,75.0225563909774,13.3759398496241,5.03759398496241,3.30451127819549,4.36842105263158,14.0827067669173,272.105263157895,324.890977443609,18.5451127819549,199.131578947368,572.928571428571,8.11654135338346,0.214285714285714,24.3345864661654,6.82706766917293,3.79699248120301,0.56390977443609,0.789473684210526,5.30827067669173,10.8533834586466,12.187969924812,1.64285714285714,138.548872180451,0
"237",39025,2019,20190567191802.8,45.625,8.75,0,36.875,0,44.375,28.125,0,0,0,0,259.375,289.375,0,220,635.125,0,0,31.875,29.375,0,0,0,0,41.25,19.375,0,52.5,0
"238",39057,2019,20191160692483.5,83.5,0,0,83.5,0,52.5,30,0,81.5,0,15,115,206.5,15,45,505,0,0,65,25,0,0,0,0,0,0,0,72.5,0
"239",39085,2019,20190529691683.5,7.5,0,0,7.5,0,75,0,158.75,0,0,0,278.5,441,0,151,585,0,0,41,15,0,0,11.25,11.25,0,0,0,0,0
"240",39089,2019,20190826022954.8,57.8333333333333,0,0,57.8333333333333,0,65,6.83333333333333,0,0,0,0,375.166666666667,451.833333333333,0,233.5,546.333333333333,0,0,108.166666666667,24.1666666666667,0,0,12.5,12.5,0.833333333333333,0,0,0,0
"241",39095,2019,20190662477087.4,0,0,0,0,0,74.1428571428571,5,0,0,0,8.57142857142857,208.571428571429,417.428571428571,8.57142857142857,182.857142857143,643.285714285714,8.57142857142857,0,36.5714285714286,2.14285714285714,0,0,0,0,9.28571428571429,0,0,0,0
"242",39103,2019,20190537524499.7,0,0,0,0,0,174.666666666667,0,0,0,0,0,240,240,0,230,546.666666666667,0,0,26,5,0,0,0,0,0,0,0,365.333333333333,0
"243",39109,2019,20191110191479.5,0,0,0,0,0,174.5,12.5,0,0,0,0,355,355,0,315,510,0,0,5,0,0,0,0,0,0,100,0,0,0
"244",39113,2019,20190656190838.9,5.90909090909091,0,0,5.90909090909091,23.8636363636364,51.9090909090909,23.5909090909091,6.36363636363636,0,0,20.4545454545455,321.863636363636,364.136363636364,21.0909090909091,213.272727272727,586.181818181818,8.22727272727273,0,20,7.5,0,0,0,0,16.1363636363636,2.04545454545455,0,125.5,0
"245",39133,2019,20190857940675.8,88.75,0,0,88.75,0,49,17.5,18.75,0,0,0,166,184.75,0,128.5,615,0,0,28.75,0,0,0,0,0,0,0,0,125,0
"246",39153,2019,20190639857278.1,34.6666666666667,2,0,32.6666666666667,0,118.266666666667,30.4666666666667,8,0,0,8.53333333333333,276.6,362.666666666667,11.5333333333333,197.933333333333,499.666666666667,0.533333333333333,0.333333333333333,31.8,18.4666666666667,0,1.33333333333333,8.66666666666667,9,0,14.3333333333333,0,108.933333333333,0
"247",40000,2019,20190644442524.1,32.2789115646259,1.56462585034014,0.82312925170068,29.891156462585,13.7619047619048,64.3809523809524,14.8027210884354,12.9863945578231,3.63945578231292,1.02040816326531,11.2244897959184,233.571428571429,285.551020408163,12.2448979591837,167.993197278912,575.299319727891,13.265306122449,1.02040816326531,25.2244897959184,10.3809523809524,7.25850340136054,0.816326530612245,0.63265306122449,8.91156462585034,13.7210884353741,10.4421768707483,0.816326530612245,182.333333333333,0
"248",41000,2019,20190671785044.3,28.5471698113208,1.74528301886792,0,26.8018867924528,15.8962264150943,81.6698113207547,12.9433962264151,13.4905660377358,0.566037735849057,0,19.0094339622642,225.905660377358,291.981132075472,19.1037735849057,154.490566037736,560.61320754717,9.86792452830189,0.377358490566038,29.7830188679245,9.05660377358491,1.60377358490566,4.08490566037736,1.22641509433962,4.71698113207547,10.3867924528302,3.28301886792453,0.0471698113207547,165.179245283019,0
"249",41017,2019,20190664979991.2,20.1578947368421,7.36842105263158,0,12.7894736842105,12.6315789473684,65.2631578947368,61.3157894736842,0,0,0,18.8947368421053,238.526315789474,284.842105263158,18.8947368421053,158.526315789474,592.578947368421,6.52631578947368,0,26.0526315789474,9.47368421052632,2.36842105263158,9.47368421052632,0,2.36842105263158,1.57894736842105,35.7894736842105,0,72.3157894736842,0
"250",41029,2019,20190783440308.1,51.375,28.75,0,22.625,39.25,66.25,28.75,0,13.125,0,21.875,337.125,364.625,21.875,252.375,496.5,12.125,0,29.375,3.75,0,0,0,0,2.5,30,0,113,0
"251",41039,2019,20190699754372.4,23.9375,0,0,23.9375,0,72.5625,9,0,0,0,9.0625,272.375,313.3125,9.0625,170.5,606.75,0.25,0,9.6875,5.625,0,0,0,0,5.625,5.1875,3.75,189.25,0
"252",42000,2019,20190673129339.4,24.2098765432099,1.48148148148148,0.740740740740741,21.9876543209877,3.33333333333333,68.7160493827161,18.0246913580247,6.97530864197531,0.740740740740741,4.75308641975309,25.7777777777778,248.814814814815,299.950617283951,30.5308641975309,186.074074074074,563.58024691358,3.35802469135802,1.72839506172839,24.9012345679012,5,6.72839506172839,0.679012345679012,0,8.95061728395062,10.0864197530864,20.8641975308642,0,159.41975308642,0
"253",42003,2019,20190597116989.6,32.8536585365854,0,11.7073170731707,21.1463414634146,5.85365853658537,69.609756097561,7.5609756097561,3.90243902439024,2.19512195121951,0,13.6585365853659,216.439024390244,261.707317073171,13.6585365853659,146.512195121951,552.024390243902,0.0487804878048781,0,26.4390243902439,4.51219512195122,0.975609756097561,0,0,0.975609756097561,5.1219512195122,7.07317073170732,0,243.707317073171,0
"254",42007,2019,20190539856483.3,17.5,0,1.66666666666667,15.8333333333333,0,90,0,0,23.3333333333333,0,0,419.666666666667,448,0,247.5,670.833333333333,0,0,4.16666666666667,0,0,0,0,0,13.3333333333333,0,0,73.3333333333333,0
"255",42011,2019,20190496189243.5,12,0,0,12,42.3,83.5,24.7,10,0,0,18.5,242.5,323.4,18.5,187.7,611.8,6.1,0,21.2,11,2.5,30,0,2.5,5,0,0,86.7,0
"256",42017,2019,20190757790372.6,30,0,0,30,0,95.3,30.5,0,0,0,22.5,339,364.5,22.5,307,535.2,0,0,26.9,2,0,0,0,0,1,0,0,98,0
"257",42019,2019,20190472356126,12,3.33333333333333,0,8.66666666666667,0,74.1666666666667,9.16666666666667,0,0,0,55.8333333333333,349.833333333333,404,55.8333333333333,191.666666666667,569.666666666667,0,14.1666666666667,14.8333333333333,7.5,0,0.833333333333333,10,24.1666666666667,0,5,0,81.6666666666667,0
"258",42021,2019,20190764334650.7,0,0,0,0,0,56.8571428571429,6.42857142857143,42.8571428571429,0,0,0,259.428571428571,337.285714285714,0,242.714285714286,638.285714285714,1.42857142857143,0,6.42857142857143,0,0,0,0,0,13.5714285714286,0,0,188.571428571429,0
"259",42029,2019,20190526589575.3,0.1,0,0,0.1,18,41.5,3,0,0,0,24,282.9,350.9,24,234.9,634.3,39.2,1,16.5,14,0,0,0,1,14,27,0,156.4,0
"260",42043,2019,20190628968280,0,0,0,0,75.5555555555556,73.8888888888889,15.5555555555556,0,0,0,0,238.333333333333,284.111111111111,0,220.555555555556,628.777777777778,0.111111111111111,0,27.2222222222222,0,7.22222222222222,0,13.3333333333333,20.5555555555556,6.66666666666667,20,38.3333333333333,62.7777777777778,0
"261",42045,2019,20190641661325.1,28,1.47058823529412,0,26.5294117647059,0,91.7647058823529,21.7058823529412,0,0,14.1176470588235,32.6470588235294,245.294117647059,285.705882352941,46.7647058823529,133.529411764706,509.235294117647,0,0.588235294117647,25.8823529411765,12.3529411764706,0,0,5.29411764705882,5.88235294117647,12.0588235294118,30.2941176470588,0,170.117647058824,0
"262",42049,2019,20190388523380.3,0,0,0,0,0,89.1666666666667,70.8333333333333,0,0,0,25,351.5,439,25,236.333333333333,393.166666666667,0,0,39.6666666666667,10,0,0,0,0,10,41.6666666666667,0,49.1666666666667,0
"263",42055,2019,20190617856950,104,0,0,104,0,37.4444444444444,15.5555555555556,0,2.22222222222222,0,15,221.111111111111,282.777777777778,15,200,588.444444444444,1.11111111111111,0,9.44444444444444,0.555555555555556,0,0,0,0,15.5555555555556,20.5555555555556,0,100,0
"264",42071,2019,20190499801589.7,28.1666666666667,3.88888888888889,0,24.2777777777778,0,74.1111111111111,3.44444444444444,1.66666666666667,0,13.5,25.2777777777778,247.111111111111,281.277777777778,38.7777777777778,141.666666666667,559,0.555555555555556,0,8.61111111111111,6.38888888888889,0,0,4.22222222222222,4.22222222222222,26.3888888888889,0,6.11111111111111,177.777777777778,0
"265",42081,2019,20190715774203.3,17.5,0,0,17.5,0,98,5,0,0,0,3.75,306.5,314,3.75,256,573.333333333333,0,0,37.0833333333333,0,0,0,0,0,16.6666666666667,15,0,198,0
"266",42085,2019,20190781941923,53,0,0,53,0,73.75,6.75,0,0,0,0,202.25,224.75,0,139.75,453.5,0,0,5.25,5,0,0,0,0,7.5,15,0,369.75,0
"267",42089,2019,20190333186366.5,10.25,0,0,10.25,0,41.25,6.25,0,0,0,0,581.5,626.5,0,276.5,487.5,0.25,0,16.25,0,0,0,0,0,0.75,0,0,0,0
"268",42091,2019,20190652236200,55.7272727272727,0,0,55.7272727272727,0,52.7727272727273,30.7272727272727,25.2272727272727,0,0,10.6818181818182,165.863636363636,237,10.6818181818182,107.818181818182,595.227272727273,35.4545454545455,0,27.3636363636364,8.18181818181818,0,0,1.59090909090909,1.59090909090909,2.63636363636364,16.1363636363636,0,157.409090909091,0
"269",42101,2019,20190603247825,35.2285714285714,0.714285714285714,0,34.5142857142857,0,85.4571428571429,6.62857142857143,5.48571428571429,0,0,15.0857142857143,219.085714285714,248.428571428571,15.0857142857143,171.742857142857,623.742857142857,18.0571428571429,2.57142857142857,30.2,7.22857142857143,0,0,5.14285714285714,9.85714285714286,5.85714285714286,2.71428571428571,5.14285714285714,181.885714285714,0
"270",42107,2019,20190645791426.8,50,0,0,50,0,48,2.2,0,0,0,0,333.6,387.6,0,232,686.2,117,0,22.6,18,0,0,0,4,0,0,0,68,0
"271",42125,2019,20190440521486.3,10,0,0,10,0,94,20,0,0,0,0,116,202.666666666667,0,84.3333333333333,579,0,0,15,0,0,0,0,0,53.3333333333333,0,0,213,0
"272",42129,2019,20190686190336.6,7.78571428571429,1.07142857142857,0,6.71428571428571,0,96.6428571428571,32,10.7142857142857,21.4285714285714,8.57142857142857,1.07142857142857,237.714285714286,280.142857142857,11.7857142857143,171.285714285714,502.071428571429,1.78571428571429,0,36.4285714285714,22.8571428571429,0,0,0,0,1.07142857142857,27.5,0,226.071428571429,0
"273",42133,2019,20190593189259.9,37.1428571428571,5.71428571428571,0,31.4285714285714,10,44.3571428571429,14.2142857142857,38.7142857142857,0,0,33.5714285714286,210.142857142857,325.928571428571,33.5714285714286,149.571428571429,561,0.714285714285714,0,29.2857142857143,10.3571428571429,6.07142857142857,0,0,6.07142857142857,0,16.7857142857143,0,155.428571428571,0
"274",44000,2019,20190626343656.9,47.3076923076923,2.30769230769231,0,45,0,65.3461538461538,12.7307692307692,3.46153846153846,0,0,20.1538461538462,305.923076923077,359.961538461538,20.1538461538462,233.807692307692,563.653846153846,4.61538461538461,0,39.3461538461538,3.84615384615385,2.30769230769231,0.576923076923077,0,2.30769230769231,0,8.46153846153846,0,87.2692307692308,0
"275",45000,2019,20190646786515,22.5390070921986,2.5886524822695,1.38297872340426,18.5673758865248,6.17021276595745,68.8936170212766,10.1276595744681,8.31205673758865,6.97163120567376,0.141843971631206,12.3262411347518,257.567375886525,309.730496453901,12.468085106383,181.475177304965,581.241134751773,16.241134751773,0.0709219858156028,18.3617021276596,7.4113475177305,5.21985815602837,0.319148936170213,0.531914893617021,5.82269503546099,32.9078014184397,9.19148936170213,1.91489361702128,138.645390070922,0
"276",45041,2019,20190507439121.5,0,0,0,0,0,57.75,3.75,0,0,0,7.5,240,270,7.5,131.25,565.25,0.25,0,0,0,0,0,0,0,7.5,0,0,368.75,0
"277",45051,2019,20190700565843.4,0.625,0,0,0.625,0,60.625,3.875,0,0,0,6.875,411.9375,447.5625,6.875,283.0625,575.4375,0.125,0.125,19.6875,4.0625,0,0,1.5625,1.6875,7.5,27.8125,0,85.6875,0
"278",45083,2019,20190677334606.7,5.71428571428571,1.42857142857143,0,4.28571428571429,0,46.5714285714286,13.5714285714286,0,0,0,0,264.714285714286,297,0,210.428571428571,587.571428571429,7.57142857142857,0,13.5714285714286,0,10.8571428571429,10,0,10.8571428571429,30.7142857142857,14,0,214.285714285714,0
"279",45091,2019,20190547522974,2.08333333333333,0,0,2.08333333333333,0,98.75,20.8333333333333,0,0,0,0,320.333333333333,436.583333333333,0,253.833333333333,570.166666666667,3.33333333333333,0,22.0833333333333,5.41666666666667,3.75,0,0,3.75,2.41666666666667,3.41666666666667,0,70.4166666666667,0
"280",46000,2019,20190742651772.4,27.3461538461538,0.384615384615385,0,26.9615384615385,0,58.6153846153846,20.4615384615385,3.46153846153846,8.76923076923077,0,27.1153846153846,309.807692307692,366.961538461538,27.1153846153846,241.115384615385,564.115384615385,0.423076923076923,0.115384615384615,25.1153846153846,13.0769230769231,0,0,0,0.115384615384615,5.19230769230769,9.23076923076923,0,115.923076923077,0
"281",47000,2019,20190657370827.8,29.6337209302326,0.959302325581395,0.116279069767442,28.5581395348837,13.0988372093023,76.8488372093023,14.1627906976744,3.83720930232558,5.90116279069767,1.09883720930233,14.5116279069767,262.604651162791,321.343023255814,15.6104651162791,195.622093023256,591.71511627907,8.72093023255814,0.552325581395349,24.5348837209302,6.44767441860465,4.12790697674419,3.97093023255814,1.04651162790698,5.78488372093023,16.2267441860465,0.872093023255814,1.62790697674419,138.546511627907,0
"282",47009,2019,20190431438991.8,0,0,0,0,0,90,0,0,0,0,71.25,399,406.5,71.25,354,645,0,0,0,0,0,0,0,0,0,0,0,133.75,0
"283",47093,2019,20190662066618.6,18.4375,0,0,18.4375,7.5,62.5,9.25,0,11.5625,0,13.4375,347.8125,384.75,13.4375,252.375,546.125,0.9375,0.0625,4.6875,1.875,0,0,0,3.8125,6.5625,0,0,200.5,0
"284",47125,2019,20190666072641.3,36.1764705882353,2.94117647058824,0,33.2352941176471,36.7647058823529,48.6470588235294,20.2941176470588,0,0,0,2.64705882352941,230.705882352941,247.764705882353,2.64705882352941,160.705882352941,608.294117647059,0,0.294117647058824,24.4117647058824,8.82352941176471,0,0,0,0.294117647058824,31.4705882352941,7.05882352941176,2.94117647058824,111.647058823529,0
"285",47165,2019,20190518300682.6,45.5555555555556,0,0,45.5555555555556,0,62.7777777777778,5.55555555555556,0,0,0,0,167.222222222222,194,0,155,548,0,0,38.3333333333333,6.66666666666667,0,0,13.3333333333333,13.3333333333333,18.8888888888889,11.6666666666667,0,183.333333333333,0
"286",47189,2019,20190590763121.1,16.2857142857143,0,2.14285714285714,14.1428571428571,0,68,2.14285714285714,0,0,0,15,156.428571428571,177.857142857143,15,94.2857142857143,487.857142857143,0.714285714285714,0,18.5714285714286,0,0,21.4285714285714,0,0,38.5714285714286,21.4285714285714,0,386.285714285714,0
"287",48000,2019,20190636180430.6,23.2479338842975,0.991735537190083,0.173553719008264,22.0826446280992,11.3173553719008,68.9619834710744,10.6727272727273,2.50909090909091,4.48264462809917,1.52066115702479,15.2314049586777,250.307438016529,293.862809917355,16.8512396694215,196.310743801653,598.494214876033,5.39669421487603,0.277685950413223,25.1702479338843,7.19338842975207,1.22314049586777,1.35702479338843,2.03140495867769,3.7801652892562,15.2181818181818,10.6876033057851,6.12561983471074,159.395041322314,0.0743801652892562
"288",48041,2019,20190453692038.5,55,0,0,55,0,75,7.5,0,0,0,52.5,225,225,52.5,210,592.5,0,0,37.5,37.5,0,0,0,0,0,0,0,182.5,0
"289",48061,2019,20190474890572.2,6.5,0,0,6.5,0,83.5,11,0,0,0,21.7,198.7,209.2,21.7,73.9,565.5,0,0,9.5,4,29,0,0,29,0,0,0,239.2,0
"290",48135,2019,20191160691080,15,0,0,15,0,97.5,0,0,0,0,0,70,130,0,70,515,0,0,37.5,0,0,0,0,0,0,0,0,437.5,0
"291",48139,2019,20190474521751,0,0,0,0,0,80,213.333333333333,0,0,0,13.3333333333333,82.3333333333333,82.3333333333333,13.3333333333333,23.3333333333333,601.666666666667,1.66666666666667,0,30,20,0,0,0,0,31.6666666666667,96.6666666666667,0,168.333333333333,0
"292",48181,2019,20190607023374.3,10,0,0,10,73.3333333333333,71.6666666666667,0,0,0,0,10,323.333333333333,363.333333333333,10,206.666666666667,620,0,0,12.5,10,0,0,0,0,20,0,0,127.5,0
"293",48215,2019,20190570767805.2,4.63157894736842,0,0,4.63157894736842,11.0526315789474,48.3157894736842,1.47368421052632,18.4210526315789,6.73684210526316,0,14.7368421052632,182.526315789474,275.894736842105,14.7368421052632,131.210526315789,626.578947368421,6.84210526315789,0.263157894736842,27.4736842105263,1.57894736842105,3.57894736842105,0,4.73684210526316,8.57894736842105,4.73684210526316,0,0,184.157894736842,0
"294",48251,2019,20190686191327.6,46,0,0,46,0,90.2,30.4,50,0,0,12,161,239.4,12,125.4,603.8,0,0,30.4,4,0,0,2,2,0,0,0,98.4,0
"295",48309,2019,20190604791479.6,22.8,0,0,22.8,72,54,36,0,0,0,0,77,122,0,69,500,0,0,1,0,0,0,0,0,0,30.4,0,315.4,0
"296",48423,2019,20190832441594.8,0,0,0,0,0,58.75,0,0,0,0,0,232.5,250,0,123.75,484.5,0,0,26.25,0,0,0,0,0,86.25,85.5,0,0,0
"297",48439,2019,20190671189158.6,1.25,0,0,1.25,58.125,115.625,73.5,0,0,0,22.5,271.875,309.625,22.5,236.25,601.25,0,0,19.75,5,0,0,0,0,11.25,0,0,83.125,0
"298",48441,2019,20190560463673.8,21.0909090909091,2.72727272727273,0,18.3636363636364,82.7272727272727,69.5454545454545,8.36363636363636,8.18181818181818,0,0,13.6363636363636,196.272727272727,285,13.6363636363636,117.181818181818,514.181818181818,0.0909090909090909,0,24.6363636363636,17.2727272727273,0,0,0,0,4.09090909090909,5.45454545454545,0,230.272727272727,0
"299",48479,2019,20190535390448.5,24,0,0,24,0,114.5,9,0,0,0,15,181.7,295.2,15,145.7,533.6,0,0,33,9,0,0,0,0,84.5,0,0,55,0
"300",48485,2019,20190454191753.2,4.5,0,0,4.5,0,54.1666666666667,0.833333333333333,0,0,0,0,346.666666666667,346.666666666667,0,335.833333333333,631.666666666667,4.16666666666667,0,6.66666666666667,6.66666666666667,0,2.5,0,0,0,6.66666666666667,0,158.333333333333,0
"301",49000,2019,20190640804661.1,33.5438596491228,0.789473684210526,0.175438596491228,32.5789473684211,23.0701754385965,68.0175438596491,14.0877192982456,9.73684210526316,4.60526315789474,4.10526315789474,14.3859649122807,224.166666666667,282.719298245614,18.4912280701754,151.017543859649,559.728070175439,2.00877192982456,0.087719298245614,24.7631578947368,4.42982456140351,2.36842105263158,0.043859649122807,0,4.16666666666667,15.1315789473684,19.640350877193,0.789473684210526,175.008771929825,0
"302",49053,2019,20190521759753.3,53.5714285714286,4.28571428571429,0,49.2857142857143,0,67.1428571428571,7.14285714285714,0,0,0,0,203.571428571429,330,0,186.428571428571,595,0,0,48.5714285714286,22.1428571428571,8.57142857142857,0,0,8.57142857142857,37.1428571428571,22.1428571428571,0,75.7142857142857,0
"303",50000,2019,20190597054352.4,58.0454545454545,0,0,58.0454545454545,0,80.1363636363636,6.81818181818182,15.9090909090909,0,0,30.6818181818182,343.090909090909,367.636363636364,30.6818181818182,232.272727272727,522.045454545455,1.13636363636364,0,20.1363636363636,7.04545454545455,0,0,0,0,0,2.45454545454545,0,131.363636363636,0
"304",51000,2019,20190659045192.2,24.6918604651163,0.116279069767442,0,24.5755813953488,10.6337209302326,67.6627906976744,11.0116279069767,6.45348837209302,7.2093023255814,3.53488372093023,17.7732558139535,259.104651162791,303.767441860465,22.4418604651163,184.825581395349,581.779069767442,3.97093023255814,0.779069767441861,19.8313953488372,6.62790697674419,1.63372093023256,0.290697674418605,1.22093023255814,5.46511627906977,9.83720930232558,14.3604651162791,0.697674418604651,163.191860465116,0.883720930232558
"305",51013,2019,20190628968299.9,48.7777777777778,2.22222222222222,8.22222222222222,38.3333333333333,0,78.3333333333333,7.88888888888889,0,0,0,10,162.666666666667,198.777777777778,10,73.7777777777778,475.333333333333,1.44444444444444,0,44.4444444444444,11.1111111111111,0,6.66666666666667,0,0,0,2.22222222222222,3.33333333333333,297.777777777778,6.66666666666667
"306",51041,2019,20190681066233.5,11.875,0,0,11.875,18.75,80.625,20.625,0,65.625,0,22.5,252.125,331.5,22.5,158.375,578.875,0,0,18.25,7.5,10,0,0,10,7.5,0,0.625,132.5,0
"307",51087,2019,20190514645306.1,0,0,0,0,0,84.4545454545455,33.1818181818182,0,0,0,10.9090909090909,297.909090909091,322.454545454545,14.5454545454545,177.272727272727,595.272727272727,0.545454545454545,0,12.2727272727273,0,0,0,0,0,11.3636363636364,0,0,254.727272727273,0
"308",51107,2019,20190679645067.9,39.0909090909091,5.45454545454545,0,33.6363636363636,8.63636363636364,84.2727272727273,3.27272727272727,13.6363636363636,0,0,37.7272727272727,219.727272727273,259.363636363636,37.7272727272727,180.181818181818,606.454545454545,0,0,17.7272727272727,10.9090909090909,0,0,0,0,5.45454545454545,0,0,136.454545454545,0
"309",51153,2019,20190467565411.4,42.5,15,0,27.5,0,79.625,17.25,20,0,0,13.75,191.875,223.75,34.375,136.25,595.625,90,0,30.5,18.75,0,0,0,0,3.75,37.5,0,200.125,0
"310",51177,2019,20190605190867,0,0,0,0,0,120.5,10,0,30,0,27.5,334.5,484.5,27.5,334.5,420,0,0,35,0,0,0,0,0,0,0,0,90,0
"311",51179,2019,20190827391327.8,49.2,24,0,25.2,0,117.6,12,0,0,0,0,162.2,190.2,0,150.2,611.6,0,0,56,18,15,0,0,15,0,0,0,194.2,0
"312",51550,2019,20190528189978.8,3.33333333333333,0,0,3.33333333333333,10,69.4444444444444,35.4444444444444,0,0,0,16.6666666666667,129,159.666666666667,16.6666666666667,97.3333333333333,576.777777777778,0,0,52.1111111111111,29.8888888888889,0,0,0,0,0,3.22222222222222,46.6666666666667,61.6666666666667,0
"313",51700,2019,20190581815265.9,21.875,0,0,21.875,11.25,54.125,0.625,0,0,0,13.125,370.625,400.625,13.125,224.375,669.625,0,0,17.5,0,0,0,0,0,23.75,0,15,0,0
"314",51710,2019,20190910047331.1,0,0,0,0,0,51.8571428571429,22.8571428571429,0,37.1428571428571,0,22.1428571428571,296.428571428571,394.142857142857,22.1428571428571,287.857142857143,627.571428571429,3.57142857142857,0,19.2857142857143,0,0,12.8571428571429,0,0,0,15.7142857142857,0,128.571428571429,0
"315",51760,2019,20190706191483.5,74.25,0,0,74.25,0,38.75,0,0,0,0,0,419.5,513.25,0,306.25,652.5,0,0,6.25,5,0,0,0,0,0,0,0,0,0
"316",51810,2019,20190757940371.2,5.08333333333333,5,0,0.0833333333333333,48.0833333333333,66,13.75,10,0,0,23.75,259.583333333333,280.166666666667,23.75,211.25,675.916666666667,73.4166666666667,0,41.9166666666667,10,0,15,0,0,0,0,0,139.083333333333,0
"317",53000,2019,20190681729388.2,34.752427184466,4.42233009708738,0,30.3300970873786,15.8932038834951,73.1504854368932,16.5242718446602,9.85436893203883,7.0631067961165,2.62621359223301,26.3446601941748,233.325242718447,284.73786407767,28.9805825242718,168.029126213592,565.907766990291,2.05339805825243,0.0922330097087379,23.4902912621359,5.46601941747573,1.99029126213592,1.12621359223301,1.25242718446602,3.43203883495146,9.27184466019417,11.5291262135922,0,162.5,0
"318",53033,2019,20190662702757.8,28.4146341463415,0,0,28.4146341463415,41.5853658536585,88.0243902439024,10.9268292682927,9.39024390243902,6.34146341463415,1.46341463414634,45.7317073170732,224.756097560976,279.024390243902,47.4390243902439,137.780487804878,587.073170731707,1.82926829268293,0,15.2926829268293,5.36585365853659,2.92682926829268,2.92682926829268,0,2.92682926829268,1.85365853658537,0,0.24390243902439,148.707317073171,0
"319",53057,2019,20190629959881,36.5384615384615,0,0,36.5384615384615,0,117.307692307692,17.3076923076923,0,0,18.4615384615385,10,232.923076923077,254.769230769231,28.4615384615385,142.538461538462,571.076923076923,0.538461538461538,0.769230769230769,28.8461538461538,4.61538461538461,0,0,0,0.769230769230769,4.61538461538461,13.8461538461538,0,88.4615384615385,0
"320",53061,2019,20190672524852.7,0,0,0,0,0,25,7.33333333333333,60,60,0,0,233.333333333333,353.333333333333,0,188.333333333333,559.333333333333,0,0,1,0,0,0,0,0,0,0,0,257.666666666667,0
"321",54000,2019,20190687936634.5,35.6031746031746,8.88888888888889,0.111111111111111,26.6031746031746,0,73.6507936507936,19.7301587301587,7.88888888888889,6.66666666666667,0,21.952380952381,238.714285714286,302.968253968254,21.952380952381,182.873015873016,571.492063492063,4.53968253968254,0.253968253968254,24.1587301587302,4.52380952380952,4.17460317460317,1.9047619047619,0,4.42857142857143,5.63492063492064,2.14285714285714,0,165.222222222222,0
"322",54039,2019,20190817091533.1,0,0,0,0,0,74,0,0,0,37.5,4.5,352.8,390.8,42,319.8,596.8,0,0,38,15.5,4.5,0,0,4.5,18,21,0,91,0
"323",55000,2019,20190660470235.9,30.9733333333333,0.333333333333333,0,30.64,4.2,73.4066666666667,18.1066666666667,2.86666666666667,4.53333333333333,6.16,19.38,286.806666666667,333.333333333333,25.54,212.12,560.9,2.15333333333333,0.266666666666667,25.3933333333333,8.96666666666667,4.28666666666667,0.886666666666667,0.766666666666667,5.32,4.7,5.28666666666667,2.33333333333333,123.253333333333,0
"324",55059,2019,20190565188625.3,8.57142857142857,0,0,8.57142857142857,92.1428571428571,56,0,25.7142857142857,0,0,42.8571428571429,342.571428571429,368.285714285714,42.8571428571429,259.714285714286,487.857142857143,0,0,56.7142857142857,21.4285714285714,0,5.71428571428571,0,0,8.57142857142857,0,0,158.571428571429,0
"325",55073,2019,20190689857927,4.16666666666667,0,0,4.16666666666667,0,70.1666666666667,49.1666666666667,0,0,0,0,144.166666666667,182.5,0,56.6666666666667,641.666666666667,0,0,25,10,15,0,0,15,0,0,0,170.5,0
"326",55101,2019,20190683857644.4,0,0,0,0,0,52.2222222222222,10,6.66666666666667,0,0,0,442.222222222222,566,0,280.555555555556,521.333333333333,10.8888888888889,0,19.4444444444444,19.4444444444444,0,0,0,0,11.6666666666667,0,0,36.1111111111111,0
"327",55105,2019,20190472356432.2,56.6666666666667,3.33333333333333,0,53.3333333333333,17.5,111.666666666667,11,0,0,0,15,76.6666666666667,125.833333333333,15,39.1666666666667,729.166666666667,0,0,5.83333333333333,0,0,0,0,0,2.5,0,0,80,0
"328",55139,2019,20190521191292.3,0,0,0,0,0,54.1666666666667,5,0,0,0,90,340.666666666667,433.166666666667,90,260,651,145.333333333333,0,0.833333333333333,0,2.5,0,0,2.5,0,0,0,58.3333333333333,0
"329",56000,2019,20190653711542.9,8.2,0,0,8.2,19.48,59.64,8.64,0,4.8,0,7.8,225.6,264,7.8,161.08,568.16,2.48,0,42.6,11.8,0,0,0,0,6.12,22.56,0,151.48,0
